osm_ref,name,kind,municipality,province,latitude,longitude,alternative_names
node/253927547,Abbotsford,suburb,City of Johannesburg Metropolitan Municipality,Gauteng,-26.143177,28.068441,
node/12874799928,Abmarie AH,suburb,City of Johannesburg Metropolitan Municipality,Gauteng,-26.336423,28.013337,Abmarie Agricultural Holdings
node/262694488,Activia Park,suburb,City of Ekurhuleni Metropolitan Municipality,Gauteng,-26.168056,28.188611,
node/262719042,Actonville,suburb,City of Ekurhuleni Metropolitan Municipality,Gauteng,-26.215000,28.302222,
node/4152078936,Aeroton,suburb,City of Johannesburg Metropolitan Municipality,Gauteng,-26.254146,27.974187,
node/262694516,Aerovaal,suburb,Emfuleni Local Municipality,Gauteng,-26.565000,27.952222,
node/262694557,Airfield,suburb,City of Ekurhuleni Metropolitan Municipality,Gauteng,-26.171390,28.314079,
node/262719046,Akasia,town,City of Tshwane Metropolitan Municipality,Gauteng,-25.655556,28.096944,
node/262694575,Alan Manor,suburb,City of Johannesburg Metropolitan Municipality,Gauteng,-26.277691,27.992857,
node/262694591,Alberante,suburb,City of Ekurhuleni Metropolitan Municipality,Gauteng,-26.267778,28.105278,
node/262694600,Albermarle,suburb,City of Ekurhuleni Metropolitan Municipality,Gauteng,-26.261111,28.155556,
node/262719055,Alberton,town,City of Ekurhuleni Metropolitan Municipality,Gauteng,-26.266989,28.122055,
node/262694633,Albertsdal,suburb,City of Ekurhuleni Metropolitan Municipality,Gauteng,-26.344444,28.108056,
node/262694646,Albertskroon,suburb,City of Johannesburg Metropolitan Municipality,Gauteng,-26.161389,27.975000,
node/262694655,Albertville,suburb,City of Johannesburg Metropolitan Municipality,Gauteng,-26.164722,27.978611,
node/262694677,Aldara Park,suburb,City of Johannesburg Metropolitan Municipality,Gauteng,-26.133056,27.982778,
node/262719072,Alexandra,suburb,City of Johannesburg Metropolitan Municipality,Gauteng,-26.104444,28.098889,Alex
node/262719076,Allen Grove,suburb,City of Ekurhuleni Metropolitan Municipality,Gauteng,-26.082222,28.229722,
node/248781261,Allen's Nek,suburb,City of Johannesburg Metropolitan Municipality,Gauteng,-26.117222,27.919444,
node/262694732,Alphen Park,suburb,City of Ekurhuleni Metropolitan Municipality,Gauteng,-26.166667,28.283333,
node/173501729,Alphenpark,suburb,City of Tshwane Metropolitan Municipality,Gauteng,-25.781667,28.262778,
node/262694744,Alrapark,suburb,City of Ekurhuleni Metropolitan Municipality,Gauteng,-26.434722,28.509167,
node/12896116326,Althea AH,suburb,City of Johannesburg Metropolitan Municipality,Gauteng,-26.427425,27.909376,Althea Agricultural Holdings
node/262694775,Amandasig,suburb,City of Tshwane Metropolitan Municipality,Gauteng,-25.675000,28.097778,
node/27033538,Amberfield,suburb,City of Tshwane Metropolitan Municipality,Gauteng,-25.885014,28.132847,
node/262694828,Annlin,suburb,City of Tshwane Metropolitan Municipality,Gauteng,-25.655000,28.198056,
node/262694829,Annlin-Wes,suburb,City of Tshwane Metropolitan Municipality,Gauteng,-25.670278,28.192500,
node/262694830,Antwerp,suburb,City of Johannesburg Metropolitan Municipality,Gauteng,-26.104722,28.155833,
node/262694831,Anzac,suburb,City of Ekurhuleni Metropolitan Municipality,Gauteng,-26.222622,28.358463,
node/260425124,Apple Park,suburb,Mogale City Local Municipality,Gauteng,-26.095278,27.758333,
node/26610814,Arcadia,suburb,City of Tshwane Metropolitan Municipality,Gauteng,-25.745627,28.210221,
node/262694838,Arconpark,suburb,Emfuleni Local Municipality,Gauteng,-26.633056,27.943333,
node/262694840,Armadale,suburb,City of Johannesburg Metropolitan Municipality,Gauteng,-26.278333,27.946111,
node/262694850,Ashlea Gardens,suburb,City of Tshwane Metropolitan Municipality,Gauteng,-25.785833,28.264167,
node/262694854,Aspen Lakes,suburb,City of Johannesburg Metropolitan Municipality,Gauteng,-26.250000,28.033333,
node/262694855,Aston Lake,suburb,Lesedi Local Municipality,Gauteng,-26.249444,28.527222,
node/262719115,Aston Manor,suburb,City of Ekurhuleni Metropolitan Municipality,Gauteng,-26.086944,28.245833,
node/262694857,Aston Woods,suburb,Lesedi Local Municipality,Gauteng,-26.251667,28.525556,
node/262719121,Atholl Gardens,suburb,City of Johannesburg Metropolitan Municipality,Gauteng,-26.111389,28.068056,
node/262719122,Atlasville,suburb,City of Ekurhuleni Metropolitan Municipality,Gauteng,-26.150414,28.286613,
node/262694907,Atteridgeville,suburb,City of Tshwane Metropolitan Municipality,Gauteng,-25.771389,28.073611,
node/262694914,Aureus,suburb,Randfontein Local Municipality,Gauteng,-26.193056,27.696667,
node/262694918,Austin View,suburb,City of Johannesburg Metropolitan Municipality,Gauteng,-26.021549,28.156081,
node/1607243454,Azaadville,suburb,Mogale City Local Municipality,Gauteng,-26.170540,27.759444,
node/260425125,Azaadville,suburb,Mogale City Local Municipality,Gauteng,-26.168611,27.755556,
node/262694927,Baileys Muckleneuk,suburb,City of Tshwane Metropolitan Municipality,Gauteng,-25.763333,28.225833,
node/262694935,Bakerton,suburb,City of Ekurhuleni Metropolitan Municipality,Gauteng,-26.225833,28.472500,
node/262694949,Bapsfontein,village,City of Ekurhuleni Metropolitan Municipality,Gauteng,-26.001944,28.426944,
node/256401428,Barbeque Downs,suburb,City of Johannesburg Metropolitan Municipality,Gauteng,-26.009429,28.075756,
node/262694950,Bardene Ext 2,suburb,City of Ekurhuleni Metropolitan Municipality,Gauteng,-26.175000,28.267222,
node/1258271843,Bartlett Ext 20,suburb,City of Ekurhuleni Metropolitan Municipality,Gauteng,-26.166640,28.256288,Twin Pines
node/4432954523,Barvallen,suburb,City of Ekurhuleni Metropolitan Municipality,Gauteng,-26.173376,28.192408,
node/262694955,Bassonia,suburb,City of Johannesburg Metropolitan Municipality,Gauteng,-26.275556,28.061111,
node/262694958,Baviaanspoort,suburb,City of Tshwane Metropolitan Municipality,Gauteng,-25.672778,28.356944,
node/321527434,Beaulieu,suburb,City of Johannesburg Metropolitan Municipality,Gauteng,-25.971122,28.067432,
node/262719150,Bedfordview,suburb,City of Ekurhuleni Metropolitan Municipality,Gauteng,-26.176389,28.142500,
node/262694975,Bedworth Park,suburb,Emfuleni Local Municipality,Gauteng,-26.706389,27.877778,
node/262694994,Bekkersdal,suburb,Westonaria Local Municipality,Gauteng,-26.282222,27.701389,
node/262695056,Bellevue,suburb,City of Johannesburg Metropolitan Municipality,Gauteng,-26.177222,28.070000,
node/262695085,Benmore Gardens,suburb,City of Johannesburg Metropolitan Municipality,Gauteng,-26.088611,28.045833,
node/262719247,Benoni,town,City of Ekurhuleni Metropolitan Municipality,Gauteng,-26.193036,28.308238,
node/262695086,Bentley Park,suburb,Merafong City Local Municipality,Gauteng,-26.352222,27.501389,
node/262695100,Berea,suburb,City of Johannesburg Metropolitan Municipality,Gauteng,-26.182222,28.053333,
node/249094571,Bergbron,suburb,City of Johannesburg Metropolitan Municipality,Gauteng,-26.162193,27.952845,
node/262695111,Bergsig,suburb,Lesedi Local Municipality,Gauteng,-26.491944,28.382500,
node/7546214726,Bergtuin,suburb,City of Tshwane Metropolitan Municipality,Gauteng,-25.699328,28.273707,
node/262695135,Berton Park,suburb,City of Ekurhuleni Metropolitan Municipality,Gauteng,-26.191944,28.206667,
node/262695137,Bertrams,suburb,City of Johannesburg Metropolitan Municipality,Gauteng,-26.191111,28.065556,
node/262695165,Beverley Gardens,suburb,City of Johannesburg Metropolitan Municipality,Gauteng,-26.072222,27.991667,
node/262695174,Beverley Hills,suburb,Emfuleni Local Municipality,Gauteng,-26.539444,27.826389,
node/262695184,Beyerspark,suburb,City of Ekurhuleni Metropolitan Municipality,Gauteng,-26.181667,28.270556,
node/262695185,Bezuidenhoutsvallei,suburb,City of Johannesburg Metropolitan Municipality,Gauteng,-26.188889,28.082222,
node/260425126,Bhongweni,suburb,Randfontein Local Municipality,Gauteng,-26.165556,27.727500,
node/262719310,Birch Acres,suburb,City of Ekurhuleni Metropolitan Municipality,Gauteng,-26.056944,28.206944,
node/262719311,Birchleigh,suburb,City of Ekurhuleni Metropolitan Municipality,Gauteng,-26.058056,28.236944,
node/290182028,Birchleigh North,suburb,City of Ekurhuleni Metropolitan Municipality,Gauteng,-26.046639,28.232728,
node/262695202,Birdhaven,suburb,City of Johannesburg Metropolitan Municipality,Gauteng,-26.139444,28.056111,
node/262719312,Birnam Park,suburb,City of Johannesburg Metropolitan Municipality,Gauteng,-26.129722,28.068333,
node/262695216,Blackheath,suburb,City of Johannesburg Metropolitan Municipality,Gauteng,-26.134444,27.974167,
node/262719316,Blairgowrie,suburb,City of Johannesburg Metropolitan Municipality,Gauteng,-26.111111,28.007500,
node/262695282,Bloubosrand,suburb,City of Johannesburg Metropolitan Municipality,Gauteng,-26.025833,27.968056,
node/27287448,Blue Hills,suburb,City of Johannesburg Metropolitan Municipality,Gauteng,-25.938216,28.104366,
node/27286803,Blue Valley Golf and Country Estate,suburb,City of Tshwane Metropolitan Municipality,Gauteng,-25.935262,28.130261,
node/262695286,Bluegum View,suburb,City of Ekurhuleni Metropolitan Municipality,Gauteng,-26.381667,28.393333,
node/262695287,Blybank,suburb,Merafong City Local Municipality,Gauteng,-26.338056,27.475278,
node/262695317,Boipatong,suburb,Emfuleni Local Municipality,Gauteng,-26.670000,27.852778,
node/26458742,Boksburg,town,City of Ekurhuleni Metropolitan Municipality,Gauteng,-26.212464,28.261747,
node/262695351,Boksburg Noord,suburb,City of Ekurhuleni Metropolitan Municipality,Gauteng,-26.202222,28.247222,
node/262695352,Boksburg Wes,suburb,City of Ekurhuleni Metropolitan Municipality,Gauteng,-26.195833,28.240833,
node/262695353,Boksburg-Noord,suburb,City of Ekurhuleni Metropolitan Municipality,Gauteng,-26.204444,28.257778,
node/262695355,Boksburg-Suid,suburb,City of Ekurhuleni Metropolitan Municipality,Gauteng,-26.226111,28.270833,
node/1380997911,Bolton Wold AH,suburb,Midvaal Local Municipality,Gauteng,-26.609440,28.034236,
node/260425131,Boltonia,suburb,Mogale City Local Municipality,Gauteng,-26.104722,27.746389,
node/262695360,Bonaero Park,suburb,City of Ekurhuleni Metropolitan Municipality,Gauteng,-26.122222,28.258056,
node/262695361,Bonanne,suburb,Emfuleni Local Municipality,Gauteng,-26.706944,27.800278,
node/262695368,Booysens,suburb,City of Tshwane Metropolitan Municipality,Gauteng,-25.709722,28.126667,
node/262695369,Booysens,suburb,City of Johannesburg Metropolitan Municipality,Gauteng,-26.229167,28.024722,
node/262695370,Booysens Reserve,suburb,City of Johannesburg Metropolitan Municipality,Gauteng,-26.230833,28.012222,
node/262695371,Bophelong,suburb,Emfuleni Local Municipality,Gauteng,-26.694167,27.799167,
node/262719391,Bordeaux,suburb,City of Johannesburg Metropolitan Municipality,Gauteng,-26.096389,28.013611,
node/38407886,Boskruin,suburb,City of Johannesburg Metropolitan Municipality,Gauteng,-26.086689,27.951404,
node/262695415,Bosmont,suburb,City of Johannesburg Metropolitan Municipality,Gauteng,-26.188329,27.954701,
node/3529224242,Bothasgeluk Agricultural Holdings,village,Lesedi Local Municipality,Gauteng,-26.468155,28.537699,
node/262695470,Braamfontein,suburb,City of Johannesburg Metropolitan Municipality,Gauteng,-26.192301,28.036135,
node/262695471,Bracken Downs,suburb,City of Ekurhuleni Metropolitan Municipality,Gauteng,-26.333333,28.088611,
node/262695472,Brackenhurst,suburb,City of Ekurhuleni Metropolitan Municipality,Gauteng,-26.319444,28.104167,
node/262719421,Brakpan,town,City of Ekurhuleni Metropolitan Municipality,Gauteng,-26.235278,28.370000,
node/262695479,Brakpan-Noord,suburb,City of Ekurhuleni Metropolitan Municipality,Gauteng,-26.220000,28.380278,
node/262719426,Bramley,suburb,City of Johannesburg Metropolitan Municipality,Gauteng,-26.124722,28.078889,
node/262695480,Bramley Gardens,suburb,City of Johannesburg Metropolitan Municipality,Gauteng,-26.125000,28.091389,
node/259496711,Breaunanda,suburb,City of Johannesburg Metropolitan Municipality,Gauteng,-26.117222,27.840556,
node/262704343,Brenthurst,suburb,City of Ekurhuleni Metropolitan Municipality,Gauteng,-26.253889,28.386944,
node/262704348,Brentwood,suburb,City of Ekurhuleni Metropolitan Municipality,Gauteng,-26.133056,28.294444,
node/262704371,Brixton,suburb,City of Johannesburg Metropolitan Municipality,Gauteng,-26.191389,27.996667,
node/1621789793,Broadacres AH,suburb,City of Johannesburg Metropolitan Municipality,Gauteng,-25.993543,27.987753,
node/262704382,Bromhof,suburb,City of Johannesburg Metropolitan Municipality,Gauteng,-26.087500,27.964722,
node/262704392,Bronberrik,suburb,City of Tshwane Metropolitan Municipality,Gauteng,-25.859167,28.168333,
node/69230776,Bronkhorstspruit,town,City of Tshwane Metropolitan Municipality,Gauteng,-25.808056,28.741389,
node/26517621,Brooklyn,suburb,City of Tshwane Metropolitan Municipality,Gauteng,-25.765556,28.239722,
node/262704397,Bruma,suburb,City of Johannesburg Metropolitan Municipality,Gauteng,-26.176667,28.108333,
node/25456674,Brummeria,suburb,City of Tshwane Metropolitan Municipality,Gauteng,-25.744224,28.283561,
node/91491601,Bryanston,suburb,City of Johannesburg Metropolitan Municipality,Gauteng,-26.051389,28.028056,
node/221922922,Bryanston West Ext 1,suburb,City of Johannesburg Metropolitan Municipality,Gauteng,-26.079707,28.011954,
node/262704400,Bryntirion,suburb,City of Tshwane Metropolitan Municipality,Gauteng,-25.740501,28.226319,
node/262719487,Buccleuch,suburb,City of Johannesburg Metropolitan Municipality,Gauteng,-26.055278,28.110833,
node/260425132,Burgershoop,suburb,Mogale City Local Municipality,Gauteng,-26.097500,27.759167,
node/1380997887,Buyscelia AH,suburb,Midvaal Local Municipality,Gauteng,-26.633419,28.012092,
node/262719520,Caleni,suburb,City of Ekurhuleni Metropolitan Municipality,Gauteng,-26.012500,28.245278,
node/25456682,Capital Park,suburb,City of Tshwane Metropolitan Municipality,Gauteng,-25.724167,28.187778,
node/259496712,Carenvale,suburb,City of Johannesburg Metropolitan Municipality,Gauteng,-26.145000,27.886111,
node/60032632,Carletonville,town,Merafong City Local Municipality,Gauteng,-26.361436,27.401916,Carltonville
node/351121520,Carlswald,suburb,City of Johannesburg Metropolitan Municipality,Gauteng,-25.983215,28.099116,
node/262704603,Cason,suburb,City of Ekurhuleni Metropolitan Municipality,Gauteng,-26.209167,28.256944,
node/262704604,Casseldale,suburb,City of Ekurhuleni Metropolitan Municipality,Gauteng,-26.264444,28.468333,
node/262704615,Castleview,suburb,City of Ekurhuleni Metropolitan Municipality,Gauteng,-26.254167,28.166944,
node/27033547,Celtisdal,suburb,City of Tshwane Metropolitan Municipality,Gauteng,-25.871117,28.129667,
node/262719636,Centurion,town,City of Tshwane Metropolitan Municipality,Gauteng,-25.836389,28.180278,Verwoerdburg
node/27287447,Centurion Golf Estate,suburb,City of Tshwane Metropolitan Municipality,Gauteng,-25.875198,28.200747,
node/262704634,Cerutiville,suburb,City of Ekurhuleni Metropolitan Municipality,Gauteng,-26.439167,28.510556,
node/262704640,Chantelle,suburb,City of Tshwane Metropolitan Municipality,Gauteng,-25.663333,28.096389,
node/262704661,Chief Albert Luthuli Park,suburb,City of Ekurhuleni Metropolitan Municipality,Gauteng,-26.159288,28.381136,
node/262704663,Chloorkop,suburb,City of Ekurhuleni Metropolitan Municipality,Gauteng,-26.058333,28.176111,
node/262704669,Christoburg,suburb,City of Tshwane Metropolitan Municipality,Gauteng,-25.805556,28.089722,
node/262704670,Chrisville,suburb,City of Johannesburg Metropolitan Municipality,Gauteng,-26.257222,28.025556,
node/1380940622,Cilvale AH,suburb,City of Ekurhuleni Metropolitan Municipality,Gauteng,-26.008474,28.392852,
node/262704671,Cinderella,suburb,City of Ekurhuleni Metropolitan Municipality,Gauteng,-26.243333,28.255000,
node/262704681,Claremont,suburb,City of Johannesburg Metropolitan Municipality,Gauteng,-26.180278,27.956667,
node/29096119,Claremont,suburb,City of Tshwane Metropolitan Municipality,Gauteng,-25.712500,28.138056,
node/38591578,Clarina,suburb,City of Tshwane Metropolitan Municipality,Gauteng,-25.648889,28.118611,
node/36164552,Claudius,suburb,City of Tshwane Metropolitan Municipality,Gauteng,-25.794444,28.112222,
node/262704688,Clayville,suburb,City of Ekurhuleni Metropolitan Municipality,Gauteng,-25.954722,28.222500,
node/33495717,Clubview,suburb,City of Tshwane Metropolitan Municipality,Gauteng,-25.833889,28.168333,
node/26033774,Clubview East,suburb,City of Tshwane Metropolitan Municipality,Gauteng,-25.838468,28.170719,
node/262704717,Colbyn,suburb,City of Tshwane Metropolitan Municipality,Gauteng,-25.739981,28.243666,
node/262704722,Comet,suburb,City of Ekurhuleni Metropolitan Municipality,Gauteng,-26.201389,28.240000,
node/249094572,Constantia Kloof,suburb,City of Johannesburg Metropolitan Municipality,Gauteng,-26.144722,27.909722,
node/25456662,Constantia Park,suburb,City of Tshwane Metropolitan Municipality,Gauteng,-25.808056,28.282222,Constantiapark
node/262704729,Coronationville,suburb,City of Johannesburg Metropolitan Municipality,Gauteng,-26.190000,27.976944,
node/1665800014,Cosmo City,suburb,City of Johannesburg Metropolitan Municipality,Gauteng,-26.021935,27.930757,
node/262704730,Cottesloe,suburb,City of Johannesburg Metropolitan Municipality,Gauteng,-26.186359,28.018572,
node/33129909,Craigavon,suburb,City of Johannesburg Metropolitan Municipality,Gauteng,-26.021266,27.994186,
node/262719728,Craighall Park,suburb,City of Johannesburg Metropolitan Municipality,Gauteng,-26.126389,28.023333,
node/262704738,Cress Lawn,suburb,City of Ekurhuleni Metropolitan Municipality,Gauteng,-26.112500,28.203611,
node/262704739,Cresta,suburb,City of Johannesburg Metropolitan Municipality,Gauteng,-26.125278,27.981111,
node/262704740,Creswell Park,suburb,City of Johannesburg Metropolitan Municipality,Gauteng,-26.171389,27.881389,
node/242925004,Crosby,suburb,City of Johannesburg Metropolitan Municipality,Gauteng,-26.192778,27.983889,
node/4159541766,Crown,suburb,City of Johannesburg Metropolitan Municipality,Gauteng,-26.218862,28.008583,
node/262704749,Crown Gardens,suburb,City of Johannesburg Metropolitan Municipality,Gauteng,-26.248611,28.004444,
node/351829106,Crowthorne,suburb,City of Johannesburg Metropolitan Municipality,Gauteng,-25.974898,28.085058,
node/262719731,Croydon,suburb,City of Ekurhuleni Metropolitan Municipality,Gauteng,-26.128429,28.197701,
node/262704760,Crystal Park,suburb,City of Ekurhuleni Metropolitan Municipality,Gauteng,-26.127636,28.369736,
node/262704787,Culemborgpark,suburb,Randfontein Local Municipality,Gauteng,-26.180833,27.692222,
node/60954378,Cullinan,town,City of Tshwane Metropolitan Municipality,Gauteng,-25.670556,28.528889,
node/262704788,Cultura Park,suburb,City of Tshwane Metropolitan Municipality,Gauteng,-25.823056,28.738333,
node/262704791,Cyrildene,suburb,City of Johannesburg Metropolitan Municipality,Gauteng,-26.173056,28.103611,
node/262704793,Dadaville,suburb,Emfuleni Local Municipality,Gauteng,-26.558056,27.940278,
node/262704794,Daggafontein,suburb,City of Ekurhuleni Metropolitan Municipality,Gauteng,-26.289167,28.476389,
node/262704795,Daleside,suburb,Midvaal Local Municipality,Gauteng,-26.495278,28.066111,
node/262704812,Dalpark,suburb,City of Ekurhuleni Metropolitan Municipality,Gauteng,-26.248611,28.307222,
node/4426220840,Dalpark Ext. 1,suburb,City of Ekurhuleni Metropolitan Municipality,Gauteng,-26.272724,28.321641,
node/262704815,Dalview,suburb,City of Ekurhuleni Metropolitan Municipality,Gauteng,-26.247778,28.351944,
node/260425134,Dan Pienaarville,suburb,Mogale City Local Municipality,Gauteng,-26.081667,27.763889,
node/48280139,Danville,suburb,City of Tshwane Metropolitan Municipality,Gauteng,-25.738889,28.127222,
node/262704834,Dark City,suburb,City of Tshwane Metropolitan Municipality,Gauteng,-25.671389,28.728889,
node/262704836,Darrenwood,suburb,City of Johannesburg Metropolitan Municipality,Gauteng,-26.126667,27.986111,
node/29096127,Daspoort,suburb,City of Tshwane Metropolitan Municipality,Gauteng,-25.708611,28.146667,
node/262704837,Daspoort Estate,suburb,City of Tshwane Metropolitan Municipality,Gauteng,-25.706389,28.155000,
node/262719789,Daveyton,suburb,City of Ekurhuleni Metropolitan Municipality,Gauteng,-26.138842,28.424930,
node/259496713,Davidsonville,suburb,City of Johannesburg Metropolitan Municipality,Gauteng,-26.154722,27.850278,
node/262705001,Davisonville,suburb,City of Tshwane Metropolitan Municipality,Gauteng,-25.735129,28.081930,
node/262705004,Dawn Park,suburb,City of Ekurhuleni Metropolitan Municipality,Gauteng,-26.301667,28.243611,
node/262705006,Dawnview,suburb,City of Ekurhuleni Metropolitan Municipality,Gauteng,-26.182500,28.153611,
node/262705007,Dayanglen,suburb,City of Ekurhuleni Metropolitan Municipality,Gauteng,-26.189658,28.231960,
node/173501767,De Beers,suburb,City of Tshwane Metropolitan Municipality,Gauteng,-25.789167,28.273056,
node/12896140495,De Deur,town,Midvaal Local Municipality,Gauteng,-26.501967,27.932067,De Deur Landgoed
node/262705011,De Fontein,suburb,Randfontein Local Municipality,Gauteng,-26.154722,27.681944,
node/262705013,De Klerkshof,suburb,City of Ekurhuleni Metropolitan Municipality,Gauteng,-26.122222,28.166667,
node/2973059823,De Rust Caravan Park,village,City of Tshwane Metropolitan Municipality,Gauteng,-25.409638,28.315547,
node/262705015,De Wetshof,suburb,City of Johannesburg Metropolitan Municipality,Gauteng,-26.185000,28.096111,
node/262705020,Debonair Park,suburb,Emfuleni Local Municipality,Gauteng,-26.514444,27.903333,
node/262705023,Deelkraal,suburb,Merafong City Local Municipality,Gauteng,-26.459444,27.324444,
node/249094573,Delarey,suburb,City of Johannesburg Metropolitan Municipality,Gauteng,-26.175000,27.950833,
node/262705037,Delmore,suburb,City of Ekurhuleni Metropolitan Municipality,Gauteng,-26.207500,28.198889,
node/260425140,Delporton,suburb,Mogale City Local Municipality,Gauteng,-26.080833,27.732222,
node/262705050,Delville,suburb,City of Ekurhuleni Metropolitan Municipality,Gauteng,-26.229747,28.178981,
node/262705053,Denneoord,suburb,City of Ekurhuleni Metropolitan Municipality,Gauteng,-26.261111,28.359167,
node/1607243451,Dennydale AH,suburb,Westonaria Local Municipality,Gauteng,-26.271186,27.578084,
node/262705055,Denver,suburb,City of Johannesburg Metropolitan Municipality,Gauteng,-26.207500,28.100278,
node/262705057,Derdepoort Tuindorp,suburb,City of Tshwane Metropolitan Municipality,Gauteng,-25.673889,28.257222,
node/4268911385,Derdepoortpark,suburb,City of Tshwane Metropolitan Municipality,Gauteng,-25.697364,28.293609,
node/262705058,Dersley,suburb,City of Ekurhuleni Metropolitan Municipality,Gauteng,-26.204722,28.417222,
node/262705061,Devland,suburb,City of Johannesburg Metropolitan Municipality,Gauteng,-26.289310,27.933812,
node/262705062,Devon,village,Lesedi Local Municipality,Gauteng,-26.357222,28.781667,
node/262705063,Dewald Hattinghpark,suburb,City of Ekurhuleni Metropolitan Municipality,Gauteng,-26.202500,28.332222,
node/262705077,Dibutsu,suburb,City of Tshwane Metropolitan Municipality,Gauteng,-25.574444,28.019444,
node/262705078,Dicksonville,suburb,Emfuleni Local Municipality,Gauteng,-26.668333,27.882222,
node/25456668,Die Wilgers,suburb,City of Tshwane Metropolitan Municipality,Gauteng,-25.761944,28.311667,
node/262705083,Diepkloof,suburb,City of Johannesburg Metropolitan Municipality,Gauteng,-26.241944,27.950278,
node/2408401344,Diepsloot,suburb,City of Johannesburg Metropolitan Municipality,Gauteng,-25.930743,28.012276,
node/7865349422,Diepsloot,town,City of Johannesburg Metropolitan Municipality,Gauteng,-25.930950,28.010590,
node/262705092,Dilopye,suburb,City of Tshwane Metropolitan Municipality,Gauteng,-25.382222,28.193333,
node/262705105,Dinwiddie,suburb,City of Ekurhuleni Metropolitan Municipality,Gauteng,-26.273056,28.155278,
node/262705111,Discovery,suburb,City of Johannesburg Metropolitan Municipality,Gauteng,-26.160556,27.892500,
node/262705139,Dlamini,suburb,City of Johannesburg Metropolitan Municipality,Gauteng,-26.272778,27.878889,
node/262705142,Dobsonville,suburb,City of Johannesburg Metropolitan Municipality,Gauteng,-26.223889,27.866667,
node/262705147,Dobsonville Gardens,suburb,City of Johannesburg Metropolitan Municipality,Gauteng,-26.231111,27.811944,
node/262705182,Doornfontein,suburb,Merafong City Local Municipality,Gauteng,-26.396389,27.323889,
node/262705184,Doornfontein,suburb,City of Johannesburg Metropolitan Municipality,Gauteng,-26.194167,28.057778,
node/320678216,Doornkloof East,village,City of Tshwane Metropolitan Municipality,Gauteng,-25.894550,28.260390,
node/262705185,Doornkop,suburb,City of Johannesburg Metropolitan Municipality,Gauteng,-26.243611,27.806944,
node/29083941,Doornpoort,suburb,City of Tshwane Metropolitan Municipality,Gauteng,-25.646944,28.235556,
node/369581587,Doornrandje,suburb,City of Tshwane Metropolitan Municipality,Gauteng,-25.867770,28.000280,
node/26021179,Dorandia,suburb,City of Tshwane Metropolitan Municipality,Gauteng,-25.662218,28.154270,
node/29869862,Dorandia,suburb,City of Tshwane Metropolitan Municipality,Gauteng,-25.673056,28.160833,
node/262705187,Doringkloof,suburb,City of Tshwane Metropolitan Municipality,Gauteng,-25.856389,28.210278,
node/262705193,Douglasdale,suburb,City of Johannesburg Metropolitan Municipality,Gauteng,-26.038889,27.995000,
node/30857627,Douglasdale Ext 99,suburb,City of Johannesburg Metropolitan Municipality,Gauteng,-26.044360,28.001399,
node/262719946,Dowerglen,suburb,City of Ekurhuleni Metropolitan Municipality,Gauteng,-26.146944,28.139167,
node/262705199,Drieziek,suburb,City of Johannesburg Metropolitan Municipality,Gauteng,-26.471389,27.840833,
node/262705206,Dube,suburb,City of Johannesburg Metropolitan Municipality,Gauteng,-26.238611,27.892778,
node/262705207,Duduza,suburb,City of Ekurhuleni Metropolitan Municipality,Gauteng,-26.373056,28.408056,
node/262705260,Duncanville,suburb,Emfuleni Local Municipality,Gauteng,-26.654218,27.929860,
node/262719951,Dunkeld,suburb,City of Johannesburg Metropolitan Municipality,Gauteng,-26.135833,28.041111,
node/4431304675,Dunmadley,suburb,City of Ekurhuleni Metropolitan Municipality,Gauteng,-26.189612,28.238078,
node/262705280,Dunnottar,suburb,City of Ekurhuleni Metropolitan Municipality,Gauteng,-26.346438,28.431451,
node/262705290,Dunvegan,suburb,City of Ekurhuleni Metropolitan Municipality,Gauteng,-26.155000,28.150278,
node/262719959,Duxberry,suburb,City of Johannesburg Metropolitan Municipality,Gauteng,-26.072778,28.052222,
node/60276836,Eagle Canyon Golf Estate,neighbourhood,City of Johannesburg Metropolitan Municipality,Gauteng,-26.086978,27.923037,Eagle Canyon
node/262705298,East Geduld,suburb,City of Ekurhuleni Metropolitan Municipality,Gauteng,-26.225833,28.437500,
node/25523741,East Lynne,suburb,City of Tshwane Metropolitan Municipality,Gauteng,-25.707222,28.279167,
node/262705299,East Town,suburb,City of Johannesburg Metropolitan Municipality,Gauteng,-26.155000,27.978333,
node/262705302,Eastdene,suburb,Merafong City Local Municipality,Gauteng,-26.394492,27.395805,
node/262719965,Eastgate,suburb,City of Johannesburg Metropolitan Municipality,Gauteng,-26.083611,28.099444,
node/262705303,Eastvale,suburb,City of Ekurhuleni Metropolitan Municipality,Gauteng,-26.182222,28.432778,Modder East
node/262705308,Edelweiss,suburb,City of Ekurhuleni Metropolitan Municipality,Gauteng,-26.283056,28.468333,
node/262719969,Eden Glen,suburb,City of Ekurhuleni Metropolitan Municipality,Gauteng,-26.131108,28.170828,
node/262705310,Edenpark,suburb,City of Ekurhuleni Metropolitan Municipality,Gauteng,-26.376944,28.128889,
node/113358821,Edenvale,suburb,City of Ekurhuleni Metropolitan Municipality,Gauteng,-26.136667,28.151111,
node/262719973,Edleen,suburb,City of Ekurhuleni Metropolitan Municipality,Gauteng,-26.092500,28.202222,
node/248761088,Eersterust,suburb,City of Tshwane Metropolitan Municipality,Gauteng,-25.702778,28.316111,
node/12874748578,Eikenhof,suburb,Midvaal Local Municipality,Gauteng,-26.346820,28.041780,
node/1607243448,Eikepark,suburb,Randfontein Local Municipality,Gauteng,-26.182843,27.674118,
node/262705350,Eikepark,suburb,Randfontein Local Municipality,Gauteng,-26.178056,27.679444,
node/262705352,Ekangala,suburb,City of Tshwane Metropolitan Municipality,Gauteng,-25.660556,28.730556,
node/262705401,Ekangala,suburb,City of Tshwane Metropolitan Municipality,Gauteng,-25.698333,28.753056,
node/4268911386,Ekklesia,suburb,City of Tshwane Metropolitan Municipality,Gauteng,-25.700846,28.286584,
node/262705421,Elandia,suburb,City of Tshwane Metropolitan Municipality,Gauteng,-25.696389,28.569167,
node/262705448,Elandsfontein Rail,suburb,City of Ekurhuleni Metropolitan Municipality,Gauteng,-26.158341,28.204597,
node/262705455,Elandshaven,suburb,City of Ekurhuleni Metropolitan Municipality,Gauteng,-26.248611,28.128056,
node/262705468,Elandspark,suburb,City of Johannesburg Metropolitan Municipality,Gauteng,-26.240000,28.110556,
node/48246874,Elandspoort,suburb,City of Tshwane Metropolitan Municipality,Gauteng,-25.740000,28.112778,
node/262705469,Elandsridge,suburb,Merafong City Local Municipality,Gauteng,-26.441111,27.372778,
node/262705471,Elarduspark,suburb,City of Tshwane Metropolitan Municipality,Gauteng,-25.831389,28.261667,
node/262705676,Eldoradopark,suburb,City of Johannesburg Metropolitan Municipality,Gauteng,-26.295000,27.902778,
node/33102227,Eldoraigne,suburb,City of Tshwane Metropolitan Municipality,Gauteng,-25.845146,28.157253,
node/4258241876,Eleadah,neighbourhood,Mogale City Local Municipality,Gauteng,-26.136764,27.738259,
node/262705677,Electron,suburb,City of Johannesburg Metropolitan Municipality,Gauteng,-26.240833,28.098333,
node/262705682,Elmapark,suburb,City of Ekurhuleni Metropolitan Municipality,Gauteng,-26.153611,28.157222,
node/262705684,Eloffsdal,suburb,City of Tshwane Metropolitan Municipality,Gauteng,-25.711667,28.190556,
node/262705690,Elsburg,suburb,City of Ekurhuleni Metropolitan Municipality,Gauteng,-26.244167,28.198889,
node/262705701,Elspark,suburb,City of Ekurhuleni Metropolitan Municipality,Gauteng,-26.268056,28.231667,
node/252968821,Emmarentia,suburb,City of Johannesburg Metropolitan Municipality,Gauteng,-26.147222,27.995833,
node/262705820,Emndeni,suburb,City of Johannesburg Metropolitan Municipality,Gauteng,-26.242500,27.825000,Emdeni
node/262705864,Endicott,suburb,Lesedi Local Municipality,Gauteng,-26.296111,28.606389,
node/262720078,Endulweni,suburb,City of Ekurhuleni Metropolitan Municipality,Gauteng,-26.014722,28.223056,
node/3701335976,Ennerdale,town,City of Johannesburg Metropolitan Municipality,Gauteng,-26.414938,27.846326,
node/262705869,Ennerdale South,suburb,City of Johannesburg Metropolitan Municipality,Gauteng,-26.427500,27.868333,
node/1768504623,Erasmia,suburb,City of Tshwane Metropolitan Municipality,Gauteng,-25.812375,28.094441,
node/262705975,Erasmus,suburb,City of Tshwane Metropolitan Municipality,Gauteng,-25.816111,28.747222,
node/25456687,Erasmuskloof,suburb,City of Tshwane Metropolitan Municipality,Gauteng,-25.815556,28.272500,
node/30157031,Erasmusrand,suburb,City of Tshwane Metropolitan Municipality,Gauteng,-25.811667,28.254167,
node/262720107,Esselenpark,suburb,City of Ekurhuleni Metropolitan Municipality,Gauteng,-26.040028,28.246360,
node/262706037,Essexwold,suburb,City of Ekurhuleni Metropolitan Municipality,Gauteng,-26.160556,28.138611,
node/262706042,Estera,suburb,City of Ekurhuleni Metropolitan Municipality,Gauteng,-26.253611,28.190556,
node/262720110,Estherpark,suburb,City of Ekurhuleni Metropolitan Municipality,Gauteng,-26.100334,28.190193,
node/262720111,Ethafeni,suburb,City of Ekurhuleni Metropolitan Municipality,Gauteng,-26.025833,28.212222,
node/3875117704,Ethembeni Park,suburb,City of Ekurhuleni Metropolitan Municipality,Gauteng,-26.285632,28.251593,
node/262706052,Etlebeni,suburb,Westonaria Local Municipality,Gauteng,-26.405000,27.677500,
node/262720113,Etwatwa,suburb,City of Ekurhuleni Metropolitan Municipality,Gauteng,-26.116111,28.472500,
node/262720116,Evaton,town,Emfuleni Local Municipality,Gauteng,-26.529722,27.851389,
node/262706069,Evaton North,suburb,Emfuleni Local Municipality,Gauteng,-26.511944,27.855556,
node/1390562062,Evaton Small Farms,village,Emfuleni Local Municipality,Gauteng,-26.546194,27.850410,
node/262706087,Everleigh,suburb,City of Ekurhuleni Metropolitan Municipality,Gauteng,-26.189444,28.253889,
node/25456193,Faerie Glen,suburb,City of Tshwane Metropolitan Municipality,Gauteng,-25.781667,28.307778,
node/96426546,Fairland,suburb,City of Johannesburg Metropolitan Municipality,Gauteng,-26.133611,27.944444,
node/262706181,Fairmount,suburb,City of Johannesburg Metropolitan Municipality,Gauteng,-26.143889,28.102222,
node/262706192,Falcon Ridge,suburb,Emfuleni Local Municipality,Gauteng,-26.596111,27.915278,
node/262706207,Farrar Park,suburb,City of Ekurhuleni Metropolitan Municipality,Gauteng,-26.246111,28.243056,
node/262706215,Farrarmere,suburb,City of Ekurhuleni Metropolitan Municipality,Gauteng,-26.164724,28.293882,
node/262706774,Farrarmere Gardens,suburb,City of Ekurhuleni Metropolitan Municipality,Gauteng,-26.159210,28.302187,
node/262706250,Ferndale,suburb,City of Johannesburg Metropolitan Municipality,Gauteng,-26.084722,27.989444,
node/12728286529,Ferreirasdorp,suburb,City of Johannesburg Metropolitan Municipality,Gauteng,-26.203656,28.033535,Ferreirastown;Ferreira's Camp
node/262706253,Ferryvale,suburb,City of Ekurhuleni Metropolitan Municipality,Gauteng,-26.429167,28.477500,
node/262706256,Finetown,suburb,City of Johannesburg Metropolitan Municipality,Gauteng,-26.415000,27.869722,
node/262706257,Finsbury,suburb,Randfontein Local Municipality,Gauteng,-26.205000,27.653056,
node/262706258,Fir Grove,suburb,City of Tshwane Metropolitan Municipality,Gauteng,-25.658611,28.105278,
node/262706260,Fisher's Hill,suburb,City of Ekurhuleni Metropolitan Municipality,Gauteng,-26.178333,28.165000,
node/262706268,Fleurhof,suburb,City of Johannesburg Metropolitan Municipality,Gauteng,-26.198611,27.915833,
node/262706271,Flora Gardens,suburb,Emfuleni Local Municipality,Gauteng,-26.715833,27.813333,
node/249094574,Floracliffe,suburb,City of Johannesburg Metropolitan Municipality,Gauteng,-26.156389,27.920833,
node/262706272,Florauna,suburb,City of Tshwane Metropolitan Municipality,Gauteng,-25.683056,28.161111,
node/249094593,Florida,suburb,City of Johannesburg Metropolitan Municipality,Gauteng,-26.175273,27.923329,
node/203980145,Florida Glen,suburb,City of Johannesburg Metropolitan Municipality,Gauteng,-26.162778,27.940556,
node/3793354287,Florida Glen,suburb,City of Johannesburg Metropolitan Municipality,Gauteng,-26.165258,27.941958,
node/249094594,Florida Hills,suburb,City of Johannesburg Metropolitan Municipality,Gauteng,-26.160556,27.927500,
node/262706274,Florida Lake,suburb,City of Johannesburg Metropolitan Municipality,Gauteng,-26.173611,27.896389,
node/249094595,Florida North,suburb,City of Johannesburg Metropolitan Municipality,Gauteng,-26.166944,27.933889,
node/262706275,Florida Park,suburb,City of Johannesburg Metropolitan Municipality,Gauteng,-26.158622,27.905108,
node/262706277,Fochville,suburb,Merafong City Local Municipality,Gauteng,-26.486667,27.493333,
node/262706278,Fontainebleau,suburb,City of Johannesburg Metropolitan Municipality,Gauteng,-26.101111,27.974722,
node/262706280,Fordsburg,suburb,City of Johannesburg Metropolitan Municipality,Gauteng,-26.205556,28.022222,
node/262706285,Forest Hill,suburb,City of Johannesburg Metropolitan Municipality,Gauteng,-26.254444,28.039444,
node/262706286,Forest Town,suburb,City of Johannesburg Metropolitan Municipality,Gauteng,-26.172778,28.036667,
node/30857433,Fourways,suburb,City of Johannesburg Metropolitan Municipality,Gauteng,-26.004472,28.004245,
node/262706293,Franklin Roosevelt Park,suburb,City of Johannesburg Metropolitan Municipality,Gauteng,-26.149167,27.986389,
node/262706297,Freeway Park,suburb,City of Ekurhuleni Metropolitan Municipality,Gauteng,-26.259167,28.238056,
node/262706528,Ga-Mokone,suburb,City of Tshwane Metropolitan Municipality,Gauteng,-25.410278,28.165000,
node/262706571,Ga-Rankuwa,suburb,City of Tshwane Metropolitan Municipality,Gauteng,-25.604167,28.005278,
node/262720333,Ga-Rankuwa,town,City of Tshwane Metropolitan Municipality,Gauteng,-25.588446,28.007511,
node/262706321,Gallo Manor,suburb,City of Johannesburg Metropolitan Municipality,Gauteng,-26.064167,28.078056,
node/25456661,Garsfontein,suburb,City of Tshwane Metropolitan Municipality,Gauteng,-25.794444,28.300000,
node/262706584,Geduld,suburb,City of Ekurhuleni Metropolitan Municipality,Gauteng,-26.231157,28.427536,
node/1380940631,Geestveld AH,suburb,City of Ekurhuleni Metropolitan Municipality,Gauteng,-25.999254,28.417247,
node/262706586,Geluksdal,suburb,City of Ekurhuleni Metropolitan Municipality,Gauteng,-26.340556,28.361667,
node/262706588,Generaal Albertspark,suburb,City of Ekurhuleni Metropolitan Municipality,Gauteng,-26.290833,28.124167,
node/262706590,Georgetown,suburb,City of Ekurhuleni Metropolitan Municipality,Gauteng,-26.215556,28.169167,
node/262706591,Georginia,suburb,City of Johannesburg Metropolitan Municipality,Gauteng,-26.165278,27.879167,
node/262706593,Gerdview,suburb,City of Ekurhuleni Metropolitan Municipality,Gauteng,-26.176667,28.181667,
node/994616322,Gerhardsville,suburb,City of Tshwane Metropolitan Municipality,Gauteng,-25.849541,28.026491,
node/26453407,Germiston,town,City of Ekurhuleni Metropolitan Municipality,Gauteng,-26.229444,28.180556,
node/262706594,Germiston South,suburb,City of Ekurhuleni Metropolitan Municipality,Gauteng,-26.224130,28.172588,
node/26610992,Gezina,suburb,City of Tshwane Metropolitan Municipality,Gauteng,-25.717778,28.209722,
node/262706601,Gillview,suburb,City of Johannesburg Metropolitan Municipality,Gauteng,-26.263889,28.026389,
node/33102226,Glen Lauriston,suburb,City of Tshwane Metropolitan Municipality,Gauteng,-25.825334,28.155754,
node/262706652,Glenanda,suburb,City of Johannesburg Metropolitan Municipality,Gauteng,-26.272222,28.037500,
node/262706654,Gleneagles,suburb,City of Johannesburg Metropolitan Municipality,Gauteng,-26.267500,28.053889,
node/262706686,Glenharvie,suburb,Westonaria Local Municipality,Gauteng,-26.390276,27.615832,
node/262706657,Glenhazel,suburb,City of Johannesburg Metropolitan Municipality,Gauteng,-26.140000,28.100833,
node/262706658,Glenmarais,suburb,City of Ekurhuleni Metropolitan Municipality,Gauteng,-26.075556,28.236389,
node/262706687,Glenvarloch,suburb,City of Ekurhuleni Metropolitan Municipality,Gauteng,-26.419268,28.461897,
node/262706692,Glenvista,suburb,City of Johannesburg Metropolitan Municipality,Gauteng,-26.282778,28.054722,
node/262706699,Goedeburg,suburb,City of Ekurhuleni Metropolitan Municipality,Gauteng,-26.142359,28.290769,
node/10765410541,Golden Fields Estate,village,City of Tshwane Metropolitan Municipality,Gauteng,-25.908000,28.169071,
node/262706706,Golf Park,suburb,Midvaal Local Municipality,Gauteng,-26.550556,28.033889,
node/262706750,Gordon's View,suburb,City of Ekurhuleni Metropolitan Municipality,Gauteng,-26.105833,28.396111,
node/262706764,Government Village,suburb,Randfontein Local Municipality,Gauteng,-26.204722,27.698056,
node/262720441,Gqagqeni,suburb,City of Ekurhuleni Metropolitan Municipality,Gauteng,-26.011111,28.224722,
node/262706787,Grasmere,suburb,City of Johannesburg Metropolitan Municipality,Gauteng,-26.424444,27.857500,
node/262706791,Green Hills,suburb,Randfontein Local Municipality,Gauteng,-26.161389,27.696111,
node/262706810,Green's Park,suburb,Merafong City Local Municipality,Gauteng,-26.493333,27.515278,
node/262706794,Greenfields,suburb,City of Ekurhuleni Metropolitan Municipality,Gauteng,-26.384167,28.127222,
node/252968820,Greenside,suburb,City of Johannesburg Metropolitan Municipality,Gauteng,-26.154722,28.012778,
node/262706840,Greymont,suburb,City of Johannesburg Metropolitan Municipality,Gauteng,-26.164167,27.967222,
node/259496717,Groblerpark,suburb,City of Johannesburg Metropolitan Municipality,Gauteng,-26.141111,27.855556,
node/262706845,Groeneweide,suburb,City of Ekurhuleni Metropolitan Municipality,Gauteng,-26.279167,28.230556,
node/25456677,Groenkloof,suburb,City of Tshwane Metropolitan Municipality,Gauteng,-25.775278,28.218333,
node/313791892,Grootfontein Country Estates,suburb,City of Tshwane Metropolitan Municipality,Gauteng,-25.880532,28.367775,
node/568337455,Grootvaly SH,suburb,City of Ekurhuleni Metropolitan Municipality,Gauteng,-26.256440,28.489678,
node/262706929,Haddon,suburb,City of Johannesburg Metropolitan Municipality,Gauteng,-26.258889,28.034167,
node/262706938,Halfway House,suburb,City of Johannesburg Metropolitan Municipality,Gauteng,-25.994902,28.128913,
node/262706950,Hamberg,suburb,City of Johannesburg Metropolitan Municipality,Gauteng,-26.170201,27.890271,
node/262706951,Hammanskraal,suburb,City of Tshwane Metropolitan Municipality,Gauteng,-25.408333,28.287222,
node/262720474,Harmelia,suburb,City of Ekurhuleni Metropolitan Municipality,Gauteng,-26.138611,28.189722,
node/262706969,Hartebeestfontein,suburb,City of Johannesburg Metropolitan Municipality,Gauteng,-26.430000,27.885000,
node/4225943009,Hartebeesthoek,suburb,City of Tshwane Metropolitan Municipality,Gauteng,-25.636905,28.080289,
node/25456675,Hatfield,suburb,City of Tshwane Metropolitan Municipality,Gauteng,-25.750833,28.243056,
node/262706972,Hazeldene,suburb,City of Ekurhuleni Metropolitan Municipality,Gauteng,-26.251667,28.174167,
node/26517618,Hazelwood,suburb,City of Tshwane Metropolitan Municipality,Gauteng,-25.776389,28.258611,
node/38592650,Heatherdale,suburb,City of Tshwane Metropolitan Municipality,Gauteng,-25.662295,28.125513,
node/262706978,Hectorton,suburb,Randfontein Local Municipality,Gauteng,-26.167222,27.710833,
node/262720504,Heidelberg,town,Lesedi Local Municipality,Gauteng,-26.497222,28.359167,
node/3689204762,Hekpoort,village,Mogale City Local Municipality,Gauteng,-25.881084,27.618696,
node/259496720,Helderkruin,suburb,City of Johannesburg Metropolitan Municipality,Gauteng,-26.126944,27.866944,
node/1381019322,Helderstrome AH,suburb,Midvaal Local Municipality,Gauteng,-26.666942,28.057201,
node/4426144624,Helderwyk,suburb,City of Ekurhuleni Metropolitan Municipality,Gauteng,-26.269128,28.310257,
node/262706979,Helikonpark,suburb,Randfontein Local Municipality,Gauteng,-26.177778,27.684167,
node/262706984,Henley on Klip,suburb,Midvaal Local Municipality,Gauteng,-26.535278,28.061111,
node/33495770,Hennopspark,suburb,City of Tshwane Metropolitan Municipality,Gauteng,-25.849722,28.174167,
node/262706985,Hermanstad,suburb,City of Tshwane Metropolitan Municipality,Gauteng,-25.716389,28.161667,
node/262706989,Hesteapark,suburb,City of Tshwane Metropolitan Municipality,Gauteng,-25.655833,28.139444,
node/262706990,Heuweloord,suburb,City of Tshwane Metropolitan Municipality,Gauteng,-25.882222,28.113056,
node/27033536,Heuwelsig,suburb,City of Tshwane Metropolitan Municipality,Gauteng,-25.870928,28.111728,
node/262706993,Highbury,suburb,Midvaal Local Municipality,Gauteng,-26.511111,28.046389,
node/262720572,Highlands North,suburb,City of Johannesburg Metropolitan Municipality,Gauteng,-26.142500,28.081111,
node/262720591,Highway Gardens,suburb,City of Ekurhuleni Metropolitan Municipality,Gauteng,-26.141667,28.180000,
node/262706997,Hillbrow,suburb,City of Johannesburg Metropolitan Municipality,Gauteng,-26.188056,28.048333,
node/25618804,Hillcrest,suburb,City of Tshwane Metropolitan Municipality,Gauteng,-25.758063,28.241770,
node/262707015,Hillshaven,suburb,Westonaria Local Municipality,Gauteng,-26.365752,27.658258,
node/1607243445,Hillside,suburb,Randfontein Local Municipality,Gauteng,-26.236292,27.614629,
node/1383615036,Hillside AH,suburb,Randfontein Local Municipality,Gauteng,-26.220055,27.623729,
node/262707087,Home Lake,suburb,Randfontein Local Municipality,Gauteng,-26.172222,27.701667,
node/1380997918,Homelands AH,suburb,Midvaal Local Municipality,Gauteng,-26.636603,28.047197,
node/262720604,Homer,town,Emfuleni Local Municipality,Gauteng,-26.649167,27.891389,
node/262707093,Homestead,suburb,City of Ekurhuleni Metropolitan Municipality,Gauteng,-26.173611,28.188611,
node/262707099,Homestead Park,suburb,City of Johannesburg Metropolitan Municipality,Gauteng,-26.201447,27.998658,
node/262707119,Honeydew,suburb,City of Johannesburg Metropolitan Municipality,Gauteng,-26.082222,27.927778,
node/259496721,Honeyhill,suburb,City of Johannesburg Metropolitan Municipality,Gauteng,-26.141667,27.888056,
node/262707123,Hopefield,suburb,City of Johannesburg Metropolitan Municipality,Gauteng,-26.418333,27.818611,
node/259496722,Horison,suburb,City of Johannesburg Metropolitan Municipality,Gauteng,-26.151944,27.877500,
node/259496723,Horisonpark,suburb,City of Johannesburg Metropolitan Municipality,Gauteng,-26.138889,27.871944,
node/259496724,Horizon View,suburb,City of Johannesburg Metropolitan Municipality,Gauteng,-26.144167,27.867500,
node/262707124,Hospital View,suburb,City of Ekurhuleni Metropolitan Municipality,Gauteng,-25.987222,28.240833,
node/262707125,Houghton Estate,suburb,City of Johannesburg Metropolitan Municipality,Gauteng,-26.158194,28.058981,
node/395232160,Houtkapper Park,suburb,City of Ekurhuleni Metropolitan Municipality,Gauteng,-26.065843,28.223827,
node/4431304676,Hughes Exts,suburb,City of Ekurhuleni Metropolitan Municipality,Gauteng,-26.184630,28.227312,
node/3206097978,Hunters Pride Wildlife Estate,village,City of Tshwane Metropolitan Municipality,Gauteng,-25.336239,28.376633,
node/262707139,Huntingdon,suburb,City of Ekurhuleni Metropolitan Municipality,Gauteng,-26.225000,28.383611,
node/262707134,Hurlingham,suburb,City of Johannesburg Metropolitan Municipality,Gauteng,-26.102222,28.027778,
node/262720637,Hurlingham Gardens,suburb,City of Johannesburg Metropolitan Municipality,Gauteng,-26.097500,28.030556,
node/262720638,Hurlyvale,suburb,City of Ekurhuleni Metropolitan Municipality,Gauteng,-26.150000,28.163333,
node/262707135,Hursthill,suburb,City of Johannesburg Metropolitan Municipality,Gauteng,-26.187222,27.985556,
node/262720639,Hyde Park,suburb,City of Johannesburg Metropolitan Municipality,Gauteng,-26.119722,28.039722,
node/262707149,Illiondale,suburb,City of Ekurhuleni Metropolitan Municipality,Gauteng,-26.114722,28.168889,
node/262720659,Illovo,suburb,City of Johannesburg Metropolitan Municipality,Gauteng,-26.122778,28.055278,
node/262707153,Impala Park,suburb,City of Ekurhuleni Metropolitan Municipality,Gauteng,-26.161111,28.266667,
node/262707172,Impumelelo,suburb,Lesedi Local Municipality,Gauteng,-26.346389,28.770833,
node/262720661,Inanda,suburb,City of Johannesburg Metropolitan Municipality,Gauteng,-26.118611,28.059167,
node/1378821017,Industrial,suburb,Lesedi Local Municipality,Gauteng,-26.507071,28.362237,
node/2921549204,Irene,town,City of Tshwane Metropolitan Municipality,Gauteng,-25.868388,28.217964,
node/262720666,Isandovale,suburb,City of Ekurhuleni Metropolitan Municipality,Gauteng,-26.132778,28.189167,
node/262707233,Isekelo,suburb,City of Ekurhuleni Metropolitan Municipality,Gauteng,-26.016625,28.232701,
node/262707237,Ivory Park,suburb,City of Johannesburg Metropolitan Municipality,Gauteng,-25.987500,28.203889,
node/262707241,Jabavu,suburb,City of Johannesburg Metropolitan Municipality,Gauteng,-26.246667,27.873611,
node/262707244,Jabulani,suburb,City of Johannesburg Metropolitan Municipality,Gauteng,-26.242222,27.856944,
node/262707253,Jacanlee,suburb,City of Johannesburg Metropolitan Municipality,Gauteng,-26.121389,27.985556,
node/262707265,Jameson Park,suburb,Lesedi Local Municipality,Gauteng,-26.455000,28.412222,
node/25618803,Jan Niemandpark,suburb,City of Tshwane Metropolitan Municipality,Gauteng,-25.706111,28.290278,
node/262707268,Jan Smutsville,suburb,City of Ekurhuleni Metropolitan Municipality,Gauteng,-26.193056,28.244167,
node/262707270,Jansenpark,suburb,City of Ekurhuleni Metropolitan Municipality,Gauteng,-26.189308,28.241831,
node/262726125,Jatniël,suburb,City of Ekurhuleni Metropolitan Municipality,Gauteng,-26.115278,28.315833,
node/262707273,Jeppestown,suburb,City of Johannesburg Metropolitan Municipality,Gauteng,-26.202222,28.070833,
node/3205998422,Jimmy's Place,village,City of Tshwane Metropolitan Municipality,Gauteng,-25.356341,28.344959,
node/262720717,Jiyana,suburb,City of Ekurhuleni Metropolitan Municipality,Gauteng,-26.027500,28.215278,
node/1391989353,Johandeo AH,suburb,Emfuleni Local Municipality,Gauteng,-26.599691,27.810004,
node/261833893,Johannesburg,city,City of Johannesburg Metropolitan Municipality,Gauteng,-26.205000,28.049722,Joburg;Jozi;JHB;iGoli;EGoli;Egoli;Jhb
node/262707278,Johannesburg North,suburb,City of Johannesburg Metropolitan Municipality,Gauteng,-26.041667,27.976667,
node/262707319,Jordaanpark,suburb,Lesedi Local Municipality,Gauteng,-26.498889,28.343056,
node/262707323,Judith's Paarl,suburb,City of Johannesburg Metropolitan Municipality,Gauteng,-26.193181,28.073157,
node/33129922,Jukskeipark,suburb,City of Johannesburg Metropolitan Municipality,Gauteng,-26.039722,27.983889,
node/13144407578,Kaalfontein,suburb,City of Tshwane Metropolitan Municipality,Gauteng,-25.778454,28.526006,Kaalfontein Landbouhoewes
node/260425147,Kagiso,suburb,Mogale City Local Municipality,Gauteng,-26.157778,27.781389,
node/259181706,Kameeldrif,suburb,City of Tshwane Metropolitan Municipality,Gauteng,-25.659616,28.303778,
node/262707381,Karenpark,suburb,City of Tshwane Metropolitan Municipality,Gauteng,-25.667500,28.113889,
node/262720774,Katlehong,suburb,City of Ekurhuleni Metropolitan Municipality,Gauteng,-26.338611,28.151111,Kathlehong
node/96426557,Kelland,suburb,City of Johannesburg Metropolitan Municipality,Gauteng,-26.116111,27.958056,
node/262720777,Kelvin,suburb,City of Johannesburg Metropolitan Municipality,Gauteng,-26.075000,28.094722,
node/262720778,Kempton Park,town,City of Ekurhuleni Metropolitan Municipality,Gauteng,-26.096437,28.233632,
node/262720779,Kempton Park West,suburb,City of Ekurhuleni Metropolitan Municipality,Gauteng,-26.086769,28.188606,
node/1621789799,Kengies Ext 21,suburb,City of Johannesburg Metropolitan Municipality,Gauteng,-25.998480,27.997580,
node/262707455,Kenilworth,suburb,City of Johannesburg Metropolitan Municipality,Gauteng,-26.246111,28.048889,
node/262707456,Kenleaf,suburb,City of Ekurhuleni Metropolitan Municipality,Gauteng,-26.255000,28.352222,
node/260425152,Kenmare,suburb,Mogale City Local Municipality,Gauteng,-26.103889,27.813611,
node/262707457,Kensington,suburb,City of Johannesburg Metropolitan Municipality,Gauteng,-26.196111,28.096944,
node/262707458,Kensington B,suburb,City of Johannesburg Metropolitan Municipality,Gauteng,-26.080000,28.005556,
node/8128438320,Kensington South,suburb,City of Johannesburg Metropolitan Municipality,Gauteng,-26.187953,28.104177,
node/262707465,Kew,suburb,City of Johannesburg Metropolitan Municipality,Gauteng,-26.120278,28.096667,
node/262707484,Khumalo Valley,suburb,City of Ekurhuleni Metropolitan Municipality,Gauteng,-26.375000,28.165556,
node/262707486,Khutsong,suburb,Merafong City Local Municipality,Gauteng,-26.323611,27.320556,
node/262707503,Kibler Park,suburb,City of Johannesburg Metropolitan Municipality,Gauteng,-26.312222,28.008611,
node/262707516,Kilfenora,suburb,City of Ekurhuleni Metropolitan Municipality,Gauteng,-26.188889,28.290556,
node/262707517,Killarney,suburb,City of Johannesburg Metropolitan Municipality,Gauteng,-26.166751,28.050464,
node/25618805,Kilner Park,suburb,City of Tshwane Metropolitan Municipality,Gauteng,-25.715278,28.262778,
node/262707523,Kirkney,suburb,City of Tshwane Metropolitan Municipality,Gauteng,-25.719167,28.101667,
node/13377146905,Kleinfontein,village,City of Tshwane Metropolitan Municipality,Gauteng,-25.800399,28.492804,
node/262707543,Kleinfontein Lake,suburb,City of Ekurhuleni Metropolitan Municipality,Gauteng,-26.184736,28.327187,
node/262720842,Kleve Hill Park,suburb,City of Johannesburg Metropolitan Municipality,Gauteng,-26.036944,28.038889,
node/262707592,Klippan,suburb,City of Tshwane Metropolitan Municipality,Gauteng,-25.474444,28.066667,
node/4742691429,Klippoortje A.L.,suburb,City of Ekurhuleni Metropolitan Municipality,Gauteng,-26.248545,28.194613,
node/262707628,Klippoortjie,suburb,City of Ekurhuleni Metropolitan Municipality,Gauteng,-26.284444,28.237778,
node/262707664,Kliprivier,suburb,Midvaal Local Municipality,Gauteng,-26.576698,28.008380,
node/262707673,Klipriviersoog,suburb,City of Johannesburg Metropolitan Municipality,Gauteng,-26.290000,27.851944,
node/262707678,Klipspruit,suburb,City of Johannesburg Metropolitan Municipality,Gauteng,-26.254167,27.910278,
node/262707682,Klipspruit-Wes,suburb,City of Johannesburg Metropolitan Municipality,Gauteng,-26.290000,27.878056,
node/262707686,Klipwater,suburb,Midvaal Local Municipality,Gauteng,-26.427500,28.101944,
node/262707691,Kloof,suburb,Westonaria Local Municipality,Gauteng,-26.390556,27.600278,
node/259496725,Kloofendal,suburb,City of Johannesburg Metropolitan Municipality,Gauteng,-26.136667,27.890556,
node/262707715,Kloofsig,suburb,City of Tshwane Metropolitan Municipality,Gauteng,-25.811944,28.205833,
node/262720849,Klopperpark,suburb,City of Ekurhuleni Metropolitan Municipality,Gauteng,-26.145556,28.195278,
node/262707718,Knights,suburb,City of Ekurhuleni Metropolitan Municipality,Gauteng,-26.197222,28.177500,
node/262707728,Kocksoord,suburb,Randfontein Local Municipality,Gauteng,-26.221111,27.648333,
node/262707753,Kokosi,suburb,Merafong City Local Municipality,Gauteng,-26.506672,27.468991,
node/1383614963,Koksrus AH,suburb,Westonaria Local Municipality,Gauteng,-26.282969,27.596372,
node/262707844,Kookrus,suburb,Midvaal Local Municipality,Gauteng,-26.587778,27.996667,
node/262720862,Kopanong,suburb,City of Ekurhuleni Metropolitan Municipality,Gauteng,-26.003889,28.231111,
node/60034262,Krugersdorp,city,Mogale City Local Municipality,Gauteng,-26.095556,27.775556,
node/260425159,Krugersdorp West,suburb,Mogale City Local Municipality,Gauteng,-26.096667,27.751667,
node/260425162,Krugersdorp-Noord,suburb,Mogale City Local Municipality,Gauteng,-26.088056,27.769444,
node/262707871,Kruinhof,suburb,City of Ekurhuleni Metropolitan Municipality,Gauteng,-26.161389,28.198889,
node/262708406,KwaThema,suburb,City of Ekurhuleni Metropolitan Municipality,Gauteng,-26.298611,28.397500,
node/48275670,Kwaggasrand,suburb,City of Tshwane Metropolitan Municipality,Gauteng,-25.757906,28.116116,
node/3147630880,Kwalata,village,City of Tshwane Metropolitan Municipality,Gauteng,-25.389326,28.322218,
node/1711144390,Kya Sands Informal Settlement,neighbourhood,City of Johannesburg Metropolitan Municipality,Gauteng,-26.024779,27.958553,Kya Sand Informal Settlement;Dumping
node/262708420,La Concorde,suburb,City of Tshwane Metropolitan Municipality,Gauteng,-25.735278,28.315278,
node/25456669,La Montagne,suburb,City of Tshwane Metropolitan Municipality,Gauteng,-25.745000,28.316111,
node/262708424,La Rochelle,suburb,City of Johannesburg Metropolitan Municipality,Gauteng,-26.237778,28.056944,
node/262708426,Labore,suburb,City of Ekurhuleni Metropolitan Municipality,Gauteng,-26.334424,28.360184,
node/29367010,Lady Selborne,suburb,City of Tshwane Metropolitan Municipality,Gauteng,-25.696011,28.134215,
node/262708438,Lakefield,suburb,City of Ekurhuleni Metropolitan Municipality,Gauteng,-26.183056,28.288333,
node/262708442,Lakeside,suburb,Emfuleni Local Municipality,Gauteng,-26.519722,27.871111,
node/262708443,Lakeside,suburb,City of Johannesburg Metropolitan Municipality,Gauteng,-26.098792,28.148274,
node/13033137391,Lakeside Estates,suburb,Midvaal Local Municipality,Gauteng,-26.517646,27.891312,
node/262708446,Lambton,suburb,City of Ekurhuleni Metropolitan Municipality,Gauteng,-26.243214,28.180074,
node/4742691425,Lambton Gardens,suburb,City of Ekurhuleni Metropolitan Municipality,Gauteng,-26.252792,28.184436,
node/420887859,Lammermoor,suburb,Mogale City Local Municipality,Gauteng,-25.970716,27.876050,
node/262708479,Langlaagte North,suburb,City of Johannesburg Metropolitan Municipality,Gauteng,-26.199444,27.996667,
node/262708483,Largo,suburb,City of Ekurhuleni Metropolitan Municipality,Gauteng,-26.266111,28.512778,
node/262708486,Larrendale,suburb,City of Ekurhuleni Metropolitan Municipality,Gauteng,-26.244444,28.342222,
node/36164553,Laudium,suburb,City of Tshwane Metropolitan Municipality,Gauteng,-25.789101,28.103212,
node/262708488,Laversburg,suburb,City of Ekurhuleni Metropolitan Municipality,Gauteng,-26.428889,28.496944,
node/262708489,Lawley,suburb,City of Johannesburg Metropolitan Municipality,Gauteng,-26.391667,27.812778,
node/262708490,Leachville,suburb,City of Ekurhuleni Metropolitan Municipality,Gauteng,-26.231667,28.334444,
node/262708497,Leboneng,suburb,City of Tshwane Metropolitan Municipality,Gauteng,-25.363611,28.266389,
node/262708524,Leeuhof,suburb,Emfuleni Local Municipality,Gauteng,-26.663611,27.918611,
node/11054258660,Lehae,suburb,City of Johannesburg Metropolitan Municipality,Gauteng,-26.348212,27.881639,
node/262708545,Lekaneng,suburb,City of Ekurhuleni Metropolitan Municipality,Gauteng,-26.018889,28.207222,
node/262720959,Lenasia,town,City of Johannesburg Metropolitan Municipality,Gauteng,-26.319483,27.824637,Lenz
node/262708569,Lenasia South,suburb,City of Johannesburg Metropolitan Municipality,Gauteng,-26.391944,27.853056,Daxina;Lenasia-Suid
node/262708629,Leondale,suburb,City of Ekurhuleni Metropolitan Municipality,Gauteng,-26.303889,28.183611,
node/1371695058,Leratong Village,village,City of Johannesburg Metropolitan Municipality,Gauteng,-26.179244,27.813518,
node/262708632,Les Marais,suburb,City of Tshwane Metropolitan Municipality,Gauteng,-25.708611,28.190278,
node/260425165,Lewisham,suburb,Mogale City Local Municipality,Gauteng,-26.120556,27.808611,
node/262708707,Libradene,suburb,City of Ekurhuleni Metropolitan Municipality,Gauteng,-26.245000,28.248056,
node/262721004,Lifateng,suburb,City of Ekurhuleni Metropolitan Municipality,Gauteng,-26.013056,28.211944,
node/262708711,Likole,suburb,City of Ekurhuleni Metropolitan Municipality,Gauteng,-26.374722,28.157778,
node/262708712,Lilianton,suburb,City of Ekurhuleni Metropolitan Municipality,Gauteng,-26.192201,28.213091,
node/262708716,Lindbergh Park,suburb,City of Johannesburg Metropolitan Municipality,Gauteng,-26.253611,28.032778,
node/262708717,Linden,suburb,City of Johannesburg Metropolitan Municipality,Gauteng,-26.131944,27.993333,
node/259496726,Lindhaven,suburb,City of Johannesburg Metropolitan Municipality,Gauteng,-26.143056,27.851389,
node/262707732,Lindopark,suburb,City of Tshwane Metropolitan Municipality,Gauteng,-25.713469,28.277076,
node/262708723,Linksfield,suburb,City of Johannesburg Metropolitan Municipality,Gauteng,-26.163611,28.101111,
node/262708724,Linksfield North,suburb,City of Johannesburg Metropolitan Municipality,Gauteng,-26.157742,28.107457,
node/262708725,Linksfield Ridge,suburb,City of Johannesburg Metropolitan Municipality,Gauteng,-26.166389,28.094167,
node/262708721,Linksview,suburb,City of Ekurhuleni Metropolitan Municipality,Gauteng,-26.187262,28.292551,
node/262708731,Linmeyer,suburb,City of Johannesburg Metropolitan Municipality,Gauteng,-26.259722,28.067222,
node/4223809856,Lion Park Informal Settlement,suburb,City of Johannesburg Metropolitan Municipality,Gauteng,-25.988239,27.929765,
node/259496728,Little Falls,suburb,City of Johannesburg Metropolitan Municipality,Gauteng,-26.116389,27.889444,
node/262708747,Lodeyko,suburb,City of Ekurhuleni Metropolitan Municipality,Gauteng,-26.258333,28.452500,
node/262721011,Lombardy East,suburb,City of Johannesburg Metropolitan Municipality,Gauteng,-26.116667,28.125000,
node/262708757,Lona,suburb,City of Tshwane Metropolitan Municipality,Gauteng,-25.592222,28.010000,
node/262721012,Lone Hill,suburb,City of Johannesburg Metropolitan Municipality,Gauteng,-26.009722,28.026111,
node/25456683,Lukasrand,suburb,City of Tshwane Metropolitan Municipality,Gauteng,-25.763927,28.205259,
node/2388570013,Lydiana,suburb,City of Tshwane Metropolitan Municipality,Gauteng,-25.744329,28.287911,
node/262708866,Lydiana,suburb,City of Tshwane Metropolitan Municipality,Gauteng,-25.738889,28.291111,
node/262721067,Lyme Park,suburb,City of Johannesburg Metropolitan Municipality,Gauteng,-26.078333,28.019444,
node/262708867,Lyndhurst,suburb,City of Johannesburg Metropolitan Municipality,Gauteng,-26.132102,28.104117,
node/25456672,Lynnwood,suburb,City of Tshwane Metropolitan Municipality,Gauteng,-25.761111,28.263611,
node/25456666,Lynnwood Glen,suburb,City of Tshwane Metropolitan Municipality,Gauteng,-25.772778,28.279444,
node/25456684,Lynnwood Manor,suburb,City of Tshwane Metropolitan Municipality,Gauteng,-25.763056,28.281111,
node/25456068,Lynnwood Park,suburb,City of Tshwane Metropolitan Municipality,Gauteng,-25.776944,28.293333,
node/25456667,Lynnwood Ridge,suburb,City of Tshwane Metropolitan Municipality,Gauteng,-25.762778,28.293333,
node/262708869,Lyttelton Manor,suburb,City of Tshwane Metropolitan Municipality,Gauteng,-25.829444,28.202778,
node/33495742,Lyttelton Manor,suburb,City of Tshwane Metropolitan Municipality,Gauteng,-25.817222,28.211944,
node/29922871,Lyttleton A.H.,suburb,City of Tshwane Metropolitan Municipality,Gauteng,-25.834364,28.196198,
node/29922870,Lyttleton L.H.,suburb,City of Tshwane Metropolitan Municipality,Gauteng,-25.842238,28.201545,
node/4226612306,Maboneng Precinct,neighbourhood,City of Johannesburg Metropolitan Municipality,Gauteng,-26.203576,28.059952,
node/262708891,Mabopane,suburb,City of Tshwane Metropolitan Municipality,Gauteng,-25.508056,28.068056,
node/262708898,Mackenzie Park,suburb,City of Ekurhuleni Metropolitan Municipality,Gauteng,-26.196667,28.332500,
node/262708899,Mackenzieville,suburb,City of Ekurhuleni Metropolitan Municipality,Gauteng,-26.440556,28.517778,
node/262709019,Magagula,suburb,City of Ekurhuleni Metropolitan Municipality,Gauteng,-26.421944,28.198333,
node/293345628,Magaliesburg,town,Mogale City Local Municipality,Gauteng,-26.000223,27.547809,
node/26350545,Magalieskruin,suburb,City of Tshwane Metropolitan Municipality,Gauteng,-25.687500,28.232222,
node/325244094,Magaliesmoot,suburb,City of Tshwane Metropolitan Municipality,Gauteng,-25.712175,28.044963,
node/262721081,Magaliessig,suburb,City of Johannesburg Metropolitan Municipality,Gauteng,-26.033056,28.017500,
node/262709097,Majaneng,suburb,City of Tshwane Metropolitan Municipality,Gauteng,-25.357222,28.240000,
node/262709210,Makhulong,suburb,City of Ekurhuleni Metropolitan Municipality,Gauteng,-25.996944,28.233056,
node/262709248,Malanshof,suburb,City of Johannesburg Metropolitan Municipality,Gauteng,-26.092778,27.977500,
node/262709321,Malvern,suburb,City of Johannesburg Metropolitan Municipality,Gauteng,-26.201389,28.101944,
node/262709324,Malvern East,suburb,City of Johannesburg Metropolitan Municipality,Gauteng,-26.199444,28.115556,
node/262709327,Mamello,suburb,Midvaal Local Municipality,Gauteng,-26.866667,28.250000,
node/7477297437,Mamelodi,town,City of Tshwane Metropolitan Municipality,Gauteng,-25.715805,28.380830,
node/262709341,Mandela Village,suburb,City of Tshwane Metropolitan Municipality,Gauteng,-25.397500,28.293611,
node/259496730,Manufacta,suburb,City of Johannesburg Metropolitan Municipality,Gauteng,-26.153333,27.866389,
node/262709366,Maokeng,suburb,City of Ekurhuleni Metropolitan Municipality,Gauteng,-25.991389,28.220278,
node/262709383,Mapetla,suburb,City of Johannesburg Metropolitan Municipality,Gauteng,-26.270000,27.848611,
node/262709387,Maphanga,suburb,City of Ekurhuleni Metropolitan Municipality,Gauteng,-26.317500,28.147778,
node/262721253,Marais Steyn Park,suburb,City of Ekurhuleni Metropolitan Municipality,Gauteng,-26.133611,28.138056,
node/249094596,Maraisburg,suburb,City of Johannesburg Metropolitan Municipality,Gauteng,-26.174994,27.940550,
node/262709465,Marievale,suburb,City of Ekurhuleni Metropolitan Municipality,Gauteng,-26.352500,28.493333,
node/262709479,Marlands,suburb,City of Ekurhuleni Metropolitan Municipality,Gauteng,-26.182778,28.195278,
node/262721266,Marlboro,suburb,City of Johannesburg Metropolitan Municipality,Gauteng,-26.091944,28.093611,
node/262709483,Maroeladal,suburb,City of Johannesburg Metropolitan Municipality,Gauteng,-26.007222,27.982778,
node/26517614,Maroelana,suburb,City of Tshwane Metropolitan Municipality,Gauteng,-25.779444,28.264167,
node/262709490,Marokolong,suburb,City of Tshwane Metropolitan Municipality,Gauteng,-25.384722,28.292778,
node/12728272395,Marshalltown,suburb,City of Johannesburg Metropolitan Municipality,Gauteng,-26.207469,28.042442,
node/262709494,Martindale,suburb,City of Johannesburg Metropolitan Municipality,Gauteng,-26.178056,27.976667,
node/262709527,Masetjhaba View,suburb,City of Ekurhuleni Metropolitan Municipality,Gauteng,-26.389722,28.391389,
node/262709547,Masimini,suburb,City of Ekurhuleni Metropolitan Municipality,Gauteng,-26.300000,28.397500,
node/262709556,Matenteng,suburb,City of Tshwane Metropolitan Municipality,Gauteng,-25.400833,28.167222,
node/242925051,Mayfair,suburb,City of Johannesburg Metropolitan Municipality,Gauteng,-26.205000,28.014167,
node/262709908,Mayfair West,suburb,City of Johannesburg Metropolitan Municipality,Gauteng,-26.196944,27.996389,
node/262709937,Mayfield,suburb,City of Johannesburg Metropolitan Municipality,Gauteng,-26.315962,28.018099,
node/262709939,Mayville,suburb,City of Tshwane Metropolitan Municipality,Gauteng,-25.701111,28.187778,
node/262709997,Meadowbrook,suburb,City of Ekurhuleni Metropolitan Municipality,Gauteng,-26.160278,28.164167,
node/262710005,Meadowhurst,suburb,City of Johannesburg Metropolitan Municipality,Gauteng,-26.060000,27.983889,
node/262710011,Meadowlands East,suburb,City of Johannesburg Metropolitan Municipality,Gauteng,-26.217500,27.901667,
node/5830458853,Meadowlands East,suburb,City of Johannesburg Metropolitan Municipality,Gauteng,-26.220780,27.899447,
node/1371671305,Meadowlands East Zone 3,suburb,City of Johannesburg Metropolitan Municipality,Gauteng,-26.221098,27.902784,
node/262710031,Meadowlands West,suburb,City of Johannesburg Metropolitan Municipality,Gauteng,-26.213889,27.886389,
node/1371671314,Meadowlands West Zone 10,suburb,City of Johannesburg Metropolitan Municipality,Gauteng,-26.218595,27.879523,
node/262710037,Megawatt Park,suburb,City of Johannesburg Metropolitan Municipality,Gauteng,-26.037500,28.086389,
node/262721320,Melrose,suburb,City of Johannesburg Metropolitan Municipality,Gauteng,-26.140000,28.049444,
node/262721321,Melrose North,suburb,City of Johannesburg Metropolitan Municipality,Gauteng,-26.134167,28.064167,
node/13659631086,Melville,suburb,City of Johannesburg Metropolitan Municipality,Gauteng,-26.175155,28.006441,
node/25456673,Menlo Park,suburb,City of Tshwane Metropolitan Municipality,Gauteng,-25.769722,28.255556,
node/262710067,Menlyn,suburb,City of Tshwane Metropolitan Municipality,Gauteng,-25.784167,28.275556,
node/262710078,Meyersdal,suburb,City of Ekurhuleni Metropolitan Municipality,Gauteng,-26.294167,28.097500,
node/25456670,Meyerspark,suburb,City of Tshwane Metropolitan Municipality,Gauteng,-25.739444,28.320000,
node/262710082,Meyerton,town,Midvaal Local Municipality,Gauteng,-26.558333,28.019722,
node/262710083,Meyerton Park,suburb,Midvaal Local Municipality,Gauteng,-26.552500,27.992778,
node/262710088,Mfuyaneni,suburb,City of Ekurhuleni Metropolitan Municipality,Gauteng,-26.018889,28.197222,
node/262710136,Mid-Ennerdale,suburb,City of Johannesburg Metropolitan Municipality,Gauteng,-26.413611,27.841389,
node/1383615022,Middelvlei AH,suburb,Randfontein Local Municipality,Gauteng,-26.214352,27.647043,
node/858384169,Midfield Estate,suburb,City of Ekurhuleni Metropolitan Municipality,Gauteng,-25.923218,28.198423,
node/858384172,Midlands Estate,suburb,City of Ekurhuleni Metropolitan Municipality,Gauteng,-25.928739,28.190200,
node/262721378,Midrand,town,City of Johannesburg Metropolitan Municipality,Gauteng,-25.999262,28.125912,
node/866282626,Midstream Estate,suburb,City of Ekurhuleni Metropolitan Municipality,Gauteng,-25.911105,28.193355,
node/259496731,Mindalore,suburb,Mogale City Local Municipality,Gauteng,-26.131111,27.830556,
node/259496732,Mindalore North,suburb,Mogale City Local Municipality,Gauteng,-26.122778,27.834722,
node/262710148,Minnebron,suburb,City of Ekurhuleni Metropolitan Municipality,Gauteng,-26.277778,28.345000,
node/262710173,Mmangweni,suburb,City of Ekurhuleni Metropolitan Municipality,Gauteng,-26.017222,28.235000,
node/468284293,Mnandi AH,village,City of Tshwane Metropolitan Municipality,Gauteng,-25.885351,28.075356,Mnandi Agricultural Holdings
node/262710189,Mngadi,suburb,City of Ekurhuleni Metropolitan Municipality,Gauteng,-26.359167,28.147778,
node/262721408,Mnonjaneni,suburb,City of Ekurhuleni Metropolitan Municipality,Gauteng,-26.015000,28.191944,
node/262710240,Modderbee,suburb,City of Ekurhuleni Metropolitan Municipality,Gauteng,-26.171667,28.402222,
node/262721416,Moedi,suburb,City of Ekurhuleni Metropolitan Municipality,Gauteng,-26.011944,28.196389,
node/262710251,Moffat View,suburb,City of Johannesburg Metropolitan Municipality,Gauteng,-26.240000,28.086667,
node/262710258,Mofolo,suburb,City of Johannesburg Metropolitan Municipality,Gauteng,-26.239444,27.883333,
node/262710259,Mofolo North,suburb,City of Johannesburg Metropolitan Municipality,Gauteng,-26.225556,27.876944,
node/262710260,Mofolo South,suburb,City of Johannesburg Metropolitan Municipality,Gauteng,-26.253052,27.889159,
node/355620362,Mogale City,suburb,Mogale City Local Municipality,Gauteng,-25.994938,27.536608,
node/262710266,Mohlakeng,suburb,Randfontein Local Municipality,Gauteng,-26.225556,27.696944,
node/262710274,Molapo,suburb,City of Johannesburg Metropolitan Municipality,Gauteng,-26.258056,27.862778,
node/262710275,Moleleki,suburb,City of Ekurhuleni Metropolitan Municipality,Gauteng,-26.383056,28.176667,
node/262710276,Moletsane,suburb,City of Johannesburg Metropolitan Municipality,Gauteng,-26.249444,27.849167,
node/262710288,Mondeor,suburb,City of Johannesburg Metropolitan Municipality,Gauteng,-26.272500,27.996111,
node/3206647251,Mongena Game Lodge,village,City of Tshwane Metropolitan Municipality,Gauteng,-25.343722,28.350555,
node/262710291,Monise,suburb,City of Ekurhuleni Metropolitan Municipality,Gauteng,-26.355278,28.158056,
node/408994452,Mont Lorraine,village,City of Tshwane Metropolitan Municipality,Gauteng,-25.534910,28.242710,
node/26350533,Montana,suburb,City of Tshwane Metropolitan Municipality,Gauteng,-25.676913,28.235305,
node/26318784,Montanapark,suburb,City of Tshwane Metropolitan Municipality,Gauteng,-25.687500,28.271667,
node/249094597,Montclare,suburb,City of Johannesburg Metropolitan Municipality,Gauteng,-26.176111,27.956944,
node/262710323,Montgomery Park,suburb,City of Johannesburg Metropolitan Municipality,Gauteng,-26.158333,27.988056,
node/262710333,Montroux,suburb,City of Johannesburg Metropolitan Municipality,Gauteng,-26.141667,27.984444,
node/260425166,Monument,suburb,Mogale City Local Municipality,Gauteng,-26.098056,27.793889,
node/25456678,Monumentpark,suburb,City of Tshwane Metropolitan Municipality,Gauteng,-25.804722,28.228056,
node/286523271,Mooikloof,suburb,City of Tshwane Metropolitan Municipality,Gauteng,-25.841043,28.337913,
node/286523270,Mooikloof Hillls,suburb,City of Tshwane Metropolitan Municipality,Gauteng,-25.858087,28.342020,
node/262710342,Mopeli,suburb,City of Ekurhuleni Metropolitan Municipality,Gauteng,-26.330278,28.160000,
node/262712392,Morehill,suburb,City of Ekurhuleni Metropolitan Municipality,Gauteng,-26.161944,28.355278,
node/25456663,Moreleta Kloof,suburb,City of Tshwane Metropolitan Municipality,Gauteng,-25.813993,28.289801,
node/262712396,Moreletapark,suburb,City of Tshwane Metropolitan Municipality,Gauteng,-25.817210,28.286333,
node/262712400,Moret,suburb,City of Johannesburg Metropolitan Municipality,Gauteng,-26.103889,27.984444,
node/262712401,Morgan Ridge,suburb,City of Ekurhuleni Metropolitan Municipality,Gauteng,-26.191111,28.235556,
node/254599290,Morning Side Extentions,suburb,City of Johannesburg Metropolitan Municipality,Gauteng,-26.083871,28.059803,
node/262712404,Morninghill,suburb,City of Ekurhuleni Metropolitan Municipality,Gauteng,-26.173190,28.120606,
node/262712405,Morningside,suburb,City of Johannesburg Metropolitan Municipality,Gauteng,-26.078056,28.064444,
node/262712420,Morningside Manor,suburb,City of Johannesburg Metropolitan Municipality,Gauteng,-26.070556,28.073333,
node/262712435,Moroka,suburb,City of Johannesburg Metropolitan Municipality,Gauteng,-26.261111,27.875000,
node/262712536,Moseleki,suburb,City of Ekurhuleni Metropolitan Municipality,Gauteng,-26.347222,28.159167,
node/262712551,Moseleki East,suburb,City of Ekurhuleni Metropolitan Municipality,Gauteng,-26.350833,28.165000,
node/262712601,Moshoeshoe,suburb,City of Ekurhuleni Metropolitan Municipality,Gauteng,-26.319444,28.159167,
node/262712614,Motluong,suburb,City of Ekurhuleni Metropolitan Municipality,Gauteng,-26.314722,28.160278,
node/262712615,Motsamai,suburb,City of Ekurhuleni Metropolitan Municipality,Gauteng,-26.327778,28.160278,
node/12188166711,Motsoaledi View,village,City of Johannesburg Metropolitan Municipality,Gauteng,-26.266570,27.931495,
node/262712617,Motsu,suburb,City of Ekurhuleni Metropolitan Municipality,Gauteng,-26.003611,28.208056,
node/262712635,Mountain View,suburb,City of Tshwane Metropolitan Municipality,Gauteng,-25.699722,28.157500,
node/262721544,Moyeni,suburb,City of Ekurhuleni Metropolitan Municipality,Gauteng,-26.013611,28.232500,
node/262712679,Mqansa,suburb,City of Ekurhuleni Metropolitan Municipality,Gauteng,-26.010833,28.238889,
node/262712709,Mthambeka,suburb,City of Ekurhuleni Metropolitan Municipality,Gauteng,-26.026111,28.190833,
node/262712710,Mthembu Village,suburb,City of Ekurhuleni Metropolitan Municipality,Gauteng,-26.295556,28.405278,
node/262712725,Muckleneuk,suburb,City of Tshwane Metropolitan Municipality,Gauteng,-25.762500,28.210833,
node/262712760,Mulbarton,suburb,City of Johannesburg Metropolitan Municipality,Gauteng,-26.293333,28.058056,
node/4270129226,Muldersdrift,village,Mogale City Local Municipality,Gauteng,-26.035870,27.848105,
node/260425171,Munsieville,suburb,Mogale City Local Municipality,Gauteng,-26.075278,27.756944,
node/262712915,Murrayfield,suburb,City of Tshwane Metropolitan Municipality,Gauteng,-25.746944,28.307778,
node/262726137,Môregloed,suburb,City of Tshwane Metropolitan Municipality,Gauteng,-25.711667,28.246944,
node/262713085,N12 Highway Park,suburb,City of Ekurhuleni Metropolitan Municipality,Gauteng,-26.171042,28.377829,
node/262713092,Naledi,suburb,City of Johannesburg Metropolitan Municipality,Gauteng,-26.248056,27.823611,
node/262713097,Nancefield,suburb,City of Johannesburg Metropolitan Municipality,Gauteng,-26.305833,27.915000,
node/262713100,Naturena,suburb,City of Johannesburg Metropolitan Municipality,Gauteng,-26.283217,27.959597,
node/262713110,Navors,suburb,City of Tshwane Metropolitan Municipality,Gauteng,-25.746264,28.284165,
node/262713123,Ncala,suburb,City of Ekurhuleni Metropolitan Municipality,Gauteng,-26.342222,28.147222,
node/322613517,Nespark,suburb,City of Ekurhuleni Metropolitan Municipality,Gauteng,-25.981408,28.431763,
node/262713184,Nestadt,suburb,City of Ekurhuleni Metropolitan Municipality,Gauteng,-26.222778,28.294167,
node/262713201,New Modder,suburb,City of Ekurhuleni Metropolitan Municipality,Gauteng,-26.183611,28.358611,
node/262713202,New Muckleneuk,suburb,City of Tshwane Metropolitan Municipality,Gauteng,-25.769167,28.230833,
node/262713229,New State Areas,suburb,City of Ekurhuleni Metropolitan Municipality,Gauteng,-26.241389,28.405556,
node/1368350017,New Thorndale,suburb,Mogale City Local Municipality,Gauteng,-25.955188,27.477063,
node/262713244,Newlands,suburb,City of Tshwane Metropolitan Municipality,Gauteng,-25.792778,28.272778,
node/262713248,Newlands,suburb,City of Johannesburg Metropolitan Municipality,Gauteng,-26.177500,27.964444,
node/2360004610,Newtown,suburb,City of Johannesburg Metropolitan Municipality,Gauteng,-26.203898,28.034281,"Newtown, Johannesburg"
node/262713508,Nhlapo,suburb,City of Ekurhuleni Metropolitan Municipality,Gauteng,-26.311667,28.150833,
node/262721654,Nigel,town,City of Ekurhuleni Metropolitan Municipality,Gauteng,-26.425961,28.470431,
node/262721659,Nimrodpark,suburb,City of Ekurhuleni Metropolitan Municipality,Gauteng,-26.090833,28.240833,
node/262713779,Noldick,suburb,Midvaal Local Municipality,Gauteng,-26.557222,28.002500,
node/262713829,Noordgesig,suburb,City of Johannesburg Metropolitan Municipality,Gauteng,-26.228889,27.939444,
node/262713834,Noordhang,suburb,City of Johannesburg Metropolitan Municipality,Gauteng,-26.040556,27.971944,
node/260425200,Noordheuwel,suburb,Mogale City Local Municipality,Gauteng,-26.089167,27.802222,
node/158861334,Noordwyk,suburb,City of Johannesburg Metropolitan Municipality,Gauteng,-25.953056,28.119444,
node/262713874,Norkem Park,suburb,City of Ekurhuleni Metropolitan Municipality,Gauteng,-26.055000,28.222778,
node/262713882,North Riding,suburb,City of Johannesburg Metropolitan Municipality,Gauteng,-26.054722,27.968333,
node/262713942,North Villa,suburb,City of Ekurhuleni Metropolitan Municipality,Gauteng,-26.141269,28.303914,
node/249094599,Northcliff,suburb,City of Johannesburg Metropolitan Municipality,Gauteng,-26.131111,27.962222,
node/262713970,Northdene,suburb,Merafong City Local Municipality,Gauteng,-26.396944,27.377500,
node/262714013,Northgate,suburb,City of Johannesburg Metropolitan Municipality,Gauteng,-26.058056,27.948056,
node/262714027,Northmead,suburb,City of Ekurhuleni Metropolitan Municipality,Gauteng,-26.153333,28.309167,
node/6027942119,Northmead Ext 4,neighbourhood,City of Ekurhuleni Metropolitan Municipality,Gauteng,-26.155736,28.314112,
node/29728135,Northwold,suburb,City of Johannesburg Metropolitan Municipality,Gauteng,-26.076944,27.956944,
node/253198379,Norwood,suburb,City of Johannesburg Metropolitan Municipality,Gauteng,-26.158889,28.072500,
node/262714058,Noycedale,suburb,City of Ekurhuleni Metropolitan Municipality,Gauteng,-26.425556,28.462500,
node/262721720,Ntshonalanga,suburb,City of Johannesburg Metropolitan Municipality,Gauteng,-26.017500,28.183333,
node/13111767373,Nuffield Industrial Area,suburb,City of Ekurhuleni Metropolitan Municipality,Gauteng,-26.286389,28.457900,
node/262714202,Nuwe Eersterus,suburb,City of Tshwane Metropolitan Municipality,Gauteng,-25.406389,28.139167,
node/262714233,Nxiweni,suburb,City of Ekurhuleni Metropolitan Municipality,Gauteng,-26.022500,28.221667,
node/262714245,Oakdene,suburb,City of Johannesburg Metropolitan Municipality,Gauteng,-26.263611,28.052500,
node/262714246,Oaklands,suburb,City of Johannesburg Metropolitan Municipality,Gauteng,-26.148056,28.068056,
node/262714259,Oberholzer,suburb,Merafong City Local Municipality,Gauteng,-26.350047,27.384138,
node/4384923618,Odinburg Gardens,neighbourhood,City of Tshwane Metropolitan Municipality,Gauteng,-25.508583,28.019018,
node/262714276,Ohinimuri,suburb,Midvaal Local Municipality,Gauteng,-26.438333,27.948889,
node/260425205,Olivanna,suburb,Mogale City Local Municipality,Gauteng,-26.106667,27.773611,
node/30864064,Olivedale,suburb,City of Johannesburg Metropolitan Municipality,Gauteng,-26.055556,27.978889,
node/259496733,Ontdekkerspark,suburb,City of Johannesburg Metropolitan Municipality,Gauteng,-26.147778,27.887778,
node/262714326,Ophirton,suburb,City of Johannesburg Metropolitan Municipality,Gauteng,-26.223056,28.028889,
node/13279261785,Opmekaar,neighbourhood,City of Ekurhuleni Metropolitan Municipality,Gauteng,-26.234566,28.218545,
node/262714337,Orange Farm,suburb,City of Johannesburg Metropolitan Municipality,Gauteng,-26.466111,27.865278,
node/113359368,Orange Grove,suburb,City of Johannesburg Metropolitan Municipality,Gauteng,-26.161944,28.090000,
node/262714342,Oranjehof,suburb,City of Ekurhuleni Metropolitan Municipality,Gauteng,-26.247222,28.437222,
node/262714353,Orchards,suburb,City of Johannesburg Metropolitan Municipality,Gauteng,-26.154722,28.079444,
node/262714369,Oriel,suburb,City of Ekurhuleni Metropolitan Municipality,Gauteng,-26.186111,28.131389,
node/8825357694,Orient Hills,village,Mogale City Local Municipality,Gauteng,-26.030673,27.602345,
node/1371671309,Orlando,suburb,City of Johannesburg Metropolitan Municipality,Gauteng,-26.222541,27.911753,
node/262714377,Orlando East,suburb,City of Johannesburg Metropolitan Municipality,Gauteng,-26.237901,27.927914,
node/262714378,Orlando Ekhaya,suburb,City of Johannesburg Metropolitan Municipality,Gauteng,-26.250000,27.933333,
node/262714379,Orlando West,suburb,City of Johannesburg Metropolitan Municipality,Gauteng,-26.220556,27.914722,
node/262714380,Ormonde,suburb,City of Johannesburg Metropolitan Municipality,Gauteng,-26.246944,27.994167,
node/262714381,Ormonde View,suburb,City of Johannesburg Metropolitan Municipality,Gauteng,-26.252967,27.986708,
node/262714454,Paarlshoop,suburb,City of Johannesburg Metropolitan Municipality,Gauteng,-26.207055,27.989422,
node/262714513,Palm Ridge,suburb,City of Ekurhuleni Metropolitan Municipality,Gauteng,-26.389167,28.145556,
node/262714547,Parkdene,suburb,City of Ekurhuleni Metropolitan Municipality,Gauteng,-26.231111,28.252500,
node/262714549,Parkhill Gardens,suburb,City of Ekurhuleni Metropolitan Municipality,Gauteng,-26.238889,28.187222,
node/262721886,Parkhurst,suburb,City of Johannesburg Metropolitan Municipality,Gauteng,-26.139722,28.018889,
node/254673040,Parkmore,suburb,City of Johannesburg Metropolitan Municipality,Gauteng,-26.095278,28.037500,
node/262714551,Parkrand,suburb,City of Ekurhuleni Metropolitan Municipality,Gauteng,-26.245833,28.270556,
node/262714553,Parktown,suburb,City of Tshwane Metropolitan Municipality,Gauteng,-25.703889,28.177778,
node/262721888,Parktown,suburb,City of Johannesburg Metropolitan Municipality,Gauteng,-26.181667,28.027778,
node/262721889,Parktown North,suburb,City of Johannesburg Metropolitan Municipality,Gauteng,-26.139444,28.030278,
node/262714555,Parkview,suburb,City of Johannesburg Metropolitan Municipality,Gauteng,-26.164167,28.025278,
node/262721890,Parkwood,suburb,City of Johannesburg Metropolitan Municipality,Gauteng,-26.150833,28.030278,
node/262714559,Paul Krugersoord,suburb,City of Ekurhuleni Metropolitan Municipality,Gauteng,-26.240278,28.431667,
node/155432734,Paulshof,suburb,City of Johannesburg Metropolitan Municipality,Gauteng,-26.030556,28.049167,
node/611053584,Paulshof,suburb,City of Johannesburg Metropolitan Municipality,Gauteng,-26.029639,28.033819,
node/262714561,Peacehaven,suburb,Emfuleni Local Municipality,Gauteng,-26.663333,27.948611,
node/262714576,Persequor,suburb,City of Tshwane Metropolitan Municipality,Gauteng,-25.743889,28.273889,
node/262714577,Persida,suburb,City of Ekurhuleni Metropolitan Municipality,Gauteng,-26.188611,28.512778,
node/262714593,Petersfield,suburb,City of Ekurhuleni Metropolitan Municipality,Gauteng,-26.232803,28.442451,
node/262721912,Petervale,suburb,City of Johannesburg Metropolitan Municipality,Gauteng,-26.040833,28.045833,
node/262714597,Petit,suburb,City of Ekurhuleni Metropolitan Municipality,Gauteng,-26.101944,28.370833,
node/262714620,Phake,suburb,City of Ekurhuleni Metropolitan Municipality,Gauteng,-26.335000,28.158333,
node/262714664,Philip Nel Park,suburb,City of Tshwane Metropolitan Municipality,Gauteng,-25.731111,28.141667,
node/2532237216,Phomolong,suburb,City of Tshwane Metropolitan Municipality,Gauteng,-25.726073,28.410413,Phomolong Informal Settlement
node/26087642,Pierre van Ryneveld,suburb,City of Tshwane Metropolitan Municipality,Gauteng,-25.836944,28.241667,
node/262714787,Pimville,suburb,City of Johannesburg Metropolitan Municipality,Gauteng,-26.271147,27.905856,
node/4748637029,Pirowville,suburb,City of Ekurhuleni Metropolitan Municipality,Gauteng,-26.213732,28.174415,
node/262714817,Plantation,suburb,City of Ekurhuleni Metropolitan Municipality,Gauteng,-26.215556,28.241111,
node/262714920,Pomona,suburb,City of Ekurhuleni Metropolitan Municipality,Gauteng,-26.094722,28.276111,
node/262715024,Power Park,suburb,City of Johannesburg Metropolitan Municipality,Gauteng,-26.264444,27.925556,
node/368233834,President Park,suburb,City of Johannesburg Metropolitan Municipality,Gauteng,-26.006360,28.148466,
node/262715034,President Ridge,suburb,City of Johannesburg Metropolitan Municipality,Gauteng,-26.102778,27.989444,
node/262715039,Presidents dam,suburb,City of Ekurhuleni Metropolitan Municipality,Gauteng,-26.212933,28.415270,
node/25503669,Pretoria,city,City of Tshwane Metropolitan Municipality,Gauteng,-25.745928,28.187910,iPitoli;E-Pitoli;Tshwane;PTA
node/29367008,Pretoria Central,suburb,City of Tshwane Metropolitan Municipality,Gauteng,-25.751843,28.189974,
node/262715060,Pretoria Gardens,suburb,City of Tshwane Metropolitan Municipality,Gauteng,-25.722778,28.148889,
node/262715067,Pretoria North,suburb,City of Tshwane Metropolitan Municipality,Gauteng,-25.672735,28.173416,Pretoria-Noord
node/29283042,Pretoria Tuine,suburb,City of Tshwane Metropolitan Municipality,Gauteng,-25.725315,28.155311,
node/262715073,Pretoria-West,suburb,City of Tshwane Metropolitan Municipality,Gauteng,-25.749472,28.156810,
node/262715082,Pretoriuspark,suburb,City of Tshwane Metropolitan Municipality,Gauteng,-25.810278,28.303889,
node/1394933093,Pretoriusstad,suburb,City of Ekurhuleni Metropolitan Municipality,Gauteng,-26.424039,28.439100,
node/262715083,Primrose,suburb,City of Ekurhuleni Metropolitan Municipality,Gauteng,-26.184167,28.166944,
node/262715085,Primrose Hill,suburb,City of Ekurhuleni Metropolitan Municipality,Gauteng,-26.197500,28.138889,
node/2292145630,Princess,suburb,City of Johannesburg Metropolitan Municipality,Gauteng,-26.129724,27.851114,
node/262715087,Proclamation Hill,suburb,City of Tshwane Metropolitan Municipality,Gauteng,-25.753611,28.138333,Proklamasieheuwel
node/262715091,Protea Glen,suburb,City of Johannesburg Metropolitan Municipality,Gauteng,-26.272222,27.816944,
node/262715092,Protea North,suburb,City of Johannesburg Metropolitan Municipality,Gauteng,-26.269444,27.831944,
node/262715094,Protea South,suburb,City of Johannesburg Metropolitan Municipality,Gauteng,-26.285278,27.841389,
node/262715096,Protem,suburb,City of Tshwane Metropolitan Municipality,Gauteng,-25.700278,28.566944,
node/259181707,Pumulani,suburb,City of Tshwane Metropolitan Municipality,Gauteng,-25.661572,28.285683,
node/262715098,Putfontein,suburb,City of Ekurhuleni Metropolitan Municipality,Gauteng,-26.132734,28.389944,
node/262715102,Queen's Haven,suburb,City of Johannesburg Metropolitan Municipality,Gauteng,-26.241667,28.091667,
node/30483932,Queenswood,suburb,City of Tshwane Metropolitan Municipality,Gauteng,-25.732322,28.247560,
node/249094600,Quellerina,suburb,City of Johannesburg Metropolitan Municipality,Gauteng,-26.157500,27.935833,
node/260425210,Quellieriepark,suburb,Mogale City Local Municipality,Gauteng,-26.091389,27.758056,
node/262715109,Rabie Ridge,suburb,City of Johannesburg Metropolitan Municipality,Gauteng,-26.017222,28.174722,
node/262715112,Raceview,suburb,City of Ekurhuleni Metropolitan Municipality,Gauteng,-26.277222,28.116944,
node/262715113,Radebe,suburb,City of Ekurhuleni Metropolitan Municipality,Gauteng,-26.351944,28.147500,
node/262715118,Radiokop,suburb,City of Johannesburg Metropolitan Municipality,Gauteng,-26.105278,27.921667,
node/262715136,Ramokonapi,suburb,City of Ekurhuleni Metropolitan Municipality,Gauteng,-26.361389,28.157222,
node/262715140,Ramotse,suburb,City of Tshwane Metropolitan Municipality,Gauteng,-25.365833,28.290833,
node/12173793246,Randburg,city,City of Johannesburg Metropolitan Municipality,Gauteng,-26.091585,28.002028,
node/262721987,Randburg,city,City of Johannesburg Metropolitan Municipality,Gauteng,-26.091359,28.002109,
node/262721988,Randfontein,town,Randfontein Local Municipality,Gauteng,-26.173611,27.694167,
node/262715158,Randgate,suburb,Randfontein Local Municipality,Gauteng,-26.168056,27.683333,
node/262715161,Randhart,suburb,City of Ekurhuleni Metropolitan Municipality,Gauteng,-26.289444,28.111944,
node/262715165,Randjespark,suburb,City of Johannesburg Metropolitan Municipality,Gauteng,-25.973333,28.132500,
node/262715170,Randpark,suburb,City of Johannesburg Metropolitan Municipality,Gauteng,-26.111111,27.971667,
node/262715173,Randpark Ridge,suburb,City of Johannesburg Metropolitan Municipality,Gauteng,-26.100833,27.956944,Randparkrif
node/262715176,Randpoort,suburb,Randfontein Local Municipality,Gauteng,-26.162778,27.677222,
node/259496735,Rangeview,suburb,Mogale City Local Municipality,Gauteng,-26.111944,27.826389,
node/260425215,Rant-en-Dal,suburb,Mogale City Local Municipality,Gauteng,-26.077222,27.778056,
node/27032013,Raslouw,suburb,City of Tshwane Metropolitan Municipality,Gauteng,-25.852895,28.118679,
node/262715210,Ratanda,suburb,Lesedi Local Municipality,Gauteng,-26.552798,28.327958,
node/4432894991,Ravensklip,suburb,City of Ekurhuleni Metropolitan Municipality,Gauteng,-26.181291,28.201742,
node/262715220,Ravenswood,suburb,City of Ekurhuleni Metropolitan Municipality,Gauteng,-26.196389,28.256111,
node/60954374,Rayton,town,City of Tshwane Metropolitan Municipality,Gauteng,-25.740067,28.533168,
node/262715230,Redan,suburb,Emfuleni Local Municipality,Gauteng,-26.620000,27.966111,
node/259496739,Reefhaven,suburb,City of Johannesburg Metropolitan Municipality,Gauteng,-26.145278,27.856944,
node/262715239,Refilwe,suburb,City of Tshwane Metropolitan Municipality,Gauteng,-25.638889,28.529444,
node/262715244,Regent's Park,suburb,City of Johannesburg Metropolitan Municipality,Gauteng,-26.238614,28.069733,
node/262715251,Reigerpark,suburb,City of Ekurhuleni Metropolitan Municipality,Gauteng,-26.231944,28.224167,
node/262715254,Rembrandtpark,suburb,City of Johannesburg Metropolitan Municipality,Gauteng,-26.123611,28.128611,
node/262715260,Rensburgdorp,suburb,Lesedi Local Municipality,Gauteng,-26.523889,28.372778,
node/262715289,Rethabiseng,suburb,City of Tshwane Metropolitan Municipality,Gauteng,-25.719722,28.716944,
node/3373621194,Rhodesfield,suburb,City of Ekurhuleni Metropolitan Municipality,Gauteng,-26.116293,28.233869,
node/262715297,Richmond,suburb,City of Johannesburg Metropolitan Municipality,Gauteng,-26.181667,28.016111,
node/262715302,Ridgeway,suburb,City of Johannesburg Metropolitan Municipality,Gauteng,-26.264444,28.002778,
node/30483944,Rietfontein,suburb,City of Tshwane Metropolitan Municipality,Gauteng,-25.707500,28.224167,
node/369581614,Rietfontein,suburb,City of Tshwane Metropolitan Municipality,Gauteng,-25.875840,27.973150,
node/262715312,Rietondale,suburb,City of Tshwane Metropolitan Municipality,Gauteng,-25.729167,28.224444,
node/3071811083,Rietondale,suburb,City of Tshwane Metropolitan Municipality,Gauteng,-25.730462,28.218876,
node/1607243469,Rietvallei,suburb,Mogale City Local Municipality,Gauteng,-26.197896,27.763179,
node/1607243446,Rietvallei 241-IQ,village,Mogale City Local Municipality,Gauteng,-26.173964,27.767563,
node/36274917,Rietvalleipark,suburb,City of Tshwane Metropolitan Municipality,Gauteng,-25.847408,28.253659,
node/1383615094,Rikasrus AH,suburb,Randfontein Local Municipality,Gauteng,-26.250826,27.562155,
node/262715329,Risana,suburb,City of Johannesburg Metropolitan Municipality,Gauteng,-26.257222,28.087222,
node/1380997903,Risi Sh,suburb,Midvaal Local Municipality,Gauteng,-26.641281,27.997372,
node/262715330,Risidale,suburb,City of Johannesburg Metropolitan Municipality,Gauteng,-26.137500,27.979722,
node/262715331,Risiville,suburb,Midvaal Local Municipality,Gauteng,-26.643056,27.978611,
node/4157401150,Rispark,suburb,City of Johannesburg Metropolitan Municipality,Gauteng,-26.319078,28.026782,
node/254599068,River Club,suburb,City of Johannesburg Metropolitan Municipality,Gauteng,-26.074444,28.043333,
node/262715334,Riverlea,suburb,City of Johannesburg Metropolitan Municipality,Gauteng,-26.211687,27.974033,
node/262715335,Riversdale,suburb,Midvaal Local Municipality,Gauteng,-26.585278,28.027778,
node/369591067,Riverside Estates,suburb,City of Tshwane Metropolitan Municipality,Gauteng,-25.893650,27.896330,
node/262715338,Riverside Township,suburb,Mogale City Local Municipality,Gauteng,-25.900742,27.883000,
node/262715569,Riviera,suburb,City of Tshwane Metropolitan Municipality,Gauteng,-25.722802,28.218797,
node/262715570,Riviera,suburb,City of Johannesburg Metropolitan Municipality,Gauteng,-26.160556,28.050833,
node/206998388,Rivonia,suburb,City of Johannesburg Metropolitan Municipality,Gauteng,-26.053333,28.059444,
node/262715571,Rivonia Gardens,suburb,City of Johannesburg Metropolitan Municipality,Gauteng,-26.041111,28.054722,
node/262715576,Robertsham,suburb,City of Johannesburg Metropolitan Municipality,Gauteng,-26.242778,28.016389,
node/262715579,Robertville,suburb,City of Johannesburg Metropolitan Municipality,Gauteng,-26.190000,27.921944,
node/262715581,Robin Acres,suburb,City of Johannesburg Metropolitan Municipality,Gauteng,-26.108333,27.996944,
node/262715582,Robin Hills,suburb,City of Johannesburg Metropolitan Municipality,Gauteng,-26.111667,27.982222,
node/262715583,Robin Park,suburb,Randfontein Local Municipality,Gauteng,-26.151389,27.716111,
node/262715584,Robindale,suburb,City of Johannesburg Metropolitan Municipality,Gauteng,-26.115000,27.994444,
node/262715591,Rondebult,suburb,City of Ekurhuleni Metropolitan Municipality,Gauteng,-26.309722,28.230833,
node/262715592,Rondebult,suburb,City of Ekurhuleni Metropolitan Municipality,Gauteng,-26.310895,28.186978,
node/259496740,Roodekrans,suburb,City of Johannesburg Metropolitan Municipality,Gauteng,-26.103889,27.847222,
node/369581647,Roodekrans,suburb,City of Tshwane Metropolitan Municipality,Gauteng,-25.868230,27.952200,
node/26417322,Roodepoort,city,City of Johannesburg Metropolitan Municipality,Gauteng,-26.156663,27.885565,
node/262715594,Roodepoort-Noord,suburb,City of Johannesburg Metropolitan Municipality,Gauteng,-26.160556,27.877778,
node/259496741,Roodepoort-Wes,suburb,City of Johannesburg Metropolitan Municipality,Gauteng,-26.154167,27.859722,
node/27033541,Rooihuiskraal,suburb,City of Tshwane Metropolitan Municipality,Gauteng,-25.893333,28.151389,
node/262715601,Rooihuiskraal-Noord,suburb,City of Tshwane Metropolitan Municipality,Gauteng,-25.876667,28.148889,
node/262715612,Rooiwal,suburb,City of Tshwane Metropolitan Municipality,Gauteng,-25.559167,28.247222,
node/262715637,Roseacre,suburb,City of Johannesburg Metropolitan Municipality,Gauteng,-26.237222,28.082778,
node/262722052,Rosebank,town,City of Johannesburg Metropolitan Municipality,Gauteng,-26.142948,28.039749,
node/4431304677,Rosedene,suburb,City of Ekurhuleni Metropolitan Municipality,Gauteng,-26.190854,28.227645,
node/13820314935,Rosemary Park,suburb,City of Tshwane Metropolitan Municipality,Gauteng,-25.675449,28.209190,
node/262715692,Rosettenville,suburb,City of Johannesburg Metropolitan Municipality,Gauteng,-26.245278,28.058056,
node/262715693,Rosettenville Ext,suburb,City of Johannesburg Metropolitan Municipality,Gauteng,-26.258889,28.047222,
node/262715694,Roseville,suburb,City of Tshwane Metropolitan Municipality,Gauteng,-25.709167,28.178611,
node/262715695,Rosherville,suburb,City of Johannesburg Metropolitan Municipality,Gauteng,-26.224722,28.117222,
node/262715696,Roshnee,suburb,Emfuleni Local Municipality,Gauteng,-26.562222,27.943333,
node/1458517609,Rosslyn,suburb,City of Tshwane Metropolitan Municipality,Gauteng,-25.632269,28.097895,
node/262715698,Rossmore,suburb,City of Johannesburg Metropolitan Municipality,Gauteng,-26.186389,27.996667,
node/262715700,Rothdene,suburb,Midvaal Local Municipality,Gauteng,-26.597778,27.993889,
node/262715701,Rowhill,suburb,City of Ekurhuleni Metropolitan Municipality,Gauteng,-26.226111,28.431389,
node/80550764,Ruiterhof,suburb,City of Johannesburg Metropolitan Municipality,Gauteng,-26.101944,27.986111,
node/262715705,Rus ter Vaal,suburb,Emfuleni Local Municipality,Gauteng,-26.572778,27.945833,
node/262715710,Rynfield,suburb,City of Ekurhuleni Metropolitan Municipality,Gauteng,-26.156111,28.347500,
node/262715711,Rynsoord,suburb,City of Ekurhuleni Metropolitan Municipality,Gauteng,-26.193056,28.362778,
node/262715724,Salieshoek,suburb,City of Tshwane Metropolitan Municipality,Gauteng,-25.736944,28.315833,
node/262715725,Sallies Village,suburb,City of Ekurhuleni Metropolitan Municipality,Gauteng,-26.268611,28.370278,
node/262715744,Salvokop,suburb,City of Tshwane Metropolitan Municipality,Gauteng,-25.761111,28.186111,
node/262722130,Sandhurst,suburb,City of Johannesburg Metropolitan Municipality,Gauteng,-26.107778,28.044167,
node/262722131,Sandown,suburb,City of Johannesburg Metropolitan Municipality,Gauteng,-26.091944,28.065833,
node/262715746,Sandringham,suburb,City of Johannesburg Metropolitan Municipality,Gauteng,-26.149444,28.101944,
node/262722132,Sandton,suburb,City of Johannesburg Metropolitan Municipality,Gauteng,-26.068241,28.047984,
node/5283928101,Sandton,city,City of Johannesburg Metropolitan Municipality,Gauteng,-26.104553,28.054515,
node/262715788,Sangweni,suburb,City of Ekurhuleni Metropolitan Municipality,Gauteng,-26.023611,28.199722,
node/262715807,Saulsville,suburb,City of Tshwane Metropolitan Municipality,Gauteng,-25.770278,28.054722,
node/262715815,Savoy Estate,suburb,City of Johannesburg Metropolitan Municipality,Gauteng,-26.129444,28.079167,
node/252026933,Saxonwold,suburb,City of Johannesburg Metropolitan Municipality,Gauteng,-26.158333,28.039444,
node/262715862,Scientia,suburb,City of Tshwane Metropolitan Municipality,Gauteng,-25.744722,28.280278,
node/262722154,Sebokeng,town,Emfuleni Local Municipality,Gauteng,-26.560278,27.862500,
node/1381746994,Sebokeng Unit 10,suburb,Emfuleni Local Municipality,Gauteng,-26.583230,27.848259,
node/1381746999,Sebokeng Unit 11,suburb,Emfuleni Local Municipality,Gauteng,-26.575516,27.845489,
node/1381747019,Sebokeng Unit 12,suburb,Emfuleni Local Municipality,Gauteng,-26.561855,27.846390,
node/1381747029,Sebokeng Unit 13,suburb,Emfuleni Local Municipality,Gauteng,-26.573654,27.834140,
node/1381746997,Sebokeng Unit 14,village,Emfuleni Local Municipality,Gauteng,-26.588904,27.835573,
node/1397072571,Sebokeng Unit 17,suburb,Emfuleni Local Municipality,Gauteng,-26.597915,27.830078,
node/1381747028,Sebokeng Unit 19,suburb,Emfuleni Local Municipality,Gauteng,-26.575343,27.826394,
node/1381747009,Sebokeng Unit 3,suburb,Emfuleni Local Municipality,Gauteng,-26.533866,27.879287,
node/1381747005,Sebokeng Unit 6,suburb,Emfuleni Local Municipality,Gauteng,-26.545251,27.886089,
node/1381747012,Sebokeng Unit 7,suburb,Emfuleni Local Municipality,Gauteng,-26.552757,27.869436,
node/1381747001,Sebokeng Unit 8,suburb,Emfuleni Local Municipality,Gauteng,-26.553563,27.861711,
node/262715890,Sekampaneng,suburb,City of Tshwane Metropolitan Municipality,Gauteng,-25.399444,28.236111,
node/262714880,Selcourt,suburb,City of Ekurhuleni Metropolitan Municipality,Gauteng,-26.265833,28.428056,
node/262715900,Selcourt,suburb,City of Ekurhuleni Metropolitan Municipality,Gauteng,-26.307402,28.446470,
node/262715901,Selection Park,suburb,City of Ekurhuleni Metropolitan Municipality,Gauteng,-26.278291,28.445406,
node/262715903,Selwyn,suburb,City of Johannesburg Metropolitan Municipality,Gauteng,-26.163333,27.901944,
node/262715939,Senaoane,suburb,City of Johannesburg Metropolitan Municipality,Gauteng,-26.275833,27.862500,
node/262715918,Senderwood,suburb,City of Ekurhuleni Metropolitan Municipality,Gauteng,-26.155556,28.123889,
node/1380956868,Shalimar Ridge,suburb,Lesedi Local Municipality,Gauteng,-26.519188,28.346991,
node/262715994,Sharon Park,suburb,City of Ekurhuleni Metropolitan Municipality,Gauteng,-26.321024,28.439141,
node/29728125,Sharonlea,suburb,City of Johannesburg Metropolitan Municipality,Gauteng,-26.064167,27.965556,
node/262715995,Sharpeville,suburb,Emfuleni Local Municipality,Gauteng,-26.685000,27.875833,
node/25456686,Shere,suburb,City of Tshwane Metropolitan Municipality,Gauteng,-25.794757,28.356204,
node/262716044,Siluma View,suburb,City of Ekurhuleni Metropolitan Municipality,Gauteng,-26.385833,28.158056,
node/259496742,Silverfields,suburb,Mogale City Local Municipality,Gauteng,-26.120556,27.824167,
node/259496743,Silverfields Park,suburb,Mogale City Local Municipality,Gauteng,-26.116944,27.823889,
node/25456671,Silverton,suburb,City of Tshwane Metropolitan Municipality,Gauteng,-25.728333,28.304722,
node/262716046,Silvertondale,suburb,City of Tshwane Metropolitan Municipality,Gauteng,-25.720410,28.301976,
node/318657625,Simarlo AH,village,City of Tshwane Metropolitan Municipality,Gauteng,-25.867730,28.159520,
node/1607237739,Simunye,suburb,Westonaria Local Municipality,Gauteng,-26.323953,27.694006,
node/26350537,Sinoville,suburb,City of Tshwane Metropolitan Municipality,Gauteng,-25.675556,28.219722,
node/262716051,Sithame,suburb,City of Ekurhuleni Metropolitan Municipality,Gauteng,-26.005833,28.223889,
node/262716074,Sivana,suburb,City of Ekurhuleni Metropolitan Municipality,Gauteng,-26.019444,28.212222,
node/3206203025,Siyaya Lodge,village,City of Tshwane Metropolitan Municipality,Gauteng,-25.334898,28.382542,
node/262716112,Sizanani Village,suburb,City of Tshwane Metropolitan Municipality,Gauteng,-25.773611,28.770000,
node/262716113,Sizibeni,suburb,City of Ekurhuleni Metropolitan Municipality,Gauteng,-26.018889,28.223611,
node/262716118,Skozana,suburb,City of Ekurhuleni Metropolitan Municipality,Gauteng,-26.323889,28.151389,
node/1607243858,Slovoville,suburb,City of Johannesburg Metropolitan Municipality,Gauteng,-26.216297,27.781209,
node/262716123,Slovoville,suburb,City of Johannesburg Metropolitan Municipality,Gauteng,-26.215000,27.786667,
node/262716136,Sokhulumi,suburb,City of Tshwane Metropolitan Municipality,Gauteng,-25.606667,28.878611,
node/262716137,Solheim,suburb,City of Ekurhuleni Metropolitan Municipality,Gauteng,-26.175833,28.164722,
node/262716142,Sonlandpark,suburb,Emfuleni Local Municipality,Gauteng,-26.609167,27.908889,
node/262716143,Sonneglans,suburb,City of Johannesburg Metropolitan Municipality,Gauteng,-26.071667,27.968056,
node/262717983,Sophiatown (Triomf),suburb,City of Johannesburg Metropolitan Municipality,Gauteng,-26.175000,27.976389,Triomf
node/262716150,Soshanguve,suburb,City of Tshwane Metropolitan Municipality,Gauteng,-25.526389,28.099444,
node/262716151,Soteba,suburb,City of Johannesburg Metropolitan Municipality,Gauteng,-26.207222,27.874167,
node/262716154,South Hills,suburb,City of Johannesburg Metropolitan Municipality,Gauteng,-26.253056,28.089444,
node/262716155,South View,suburb,City of Johannesburg Metropolitan Municipality,Gauteng,-26.306944,28.067222,
node/262716158,Southcrest,suburb,City of Ekurhuleni Metropolitan Municipality,Gauteng,-26.254444,28.107500,
node/262716163,Southdene,suburb,Merafong City Local Municipality,Gauteng,-26.411389,27.372222,
node/27565050,Soweto,city,City of Johannesburg Metropolitan Municipality,Gauteng,-26.222778,27.890000,South Western Townships
node/262716411,Spaarwater,suburb,City of Ekurhuleni Metropolitan Municipality,Gauteng,-26.404167,28.406111,
node/262716666,Springcol,suburb,Emfuleni Local Municipality,Gauteng,-26.613611,27.935278,
node/262722203,Springs,town,City of Ekurhuleni Metropolitan Municipality,Gauteng,-26.255003,28.437315,
node/262716954,Spruitview,suburb,City of Ekurhuleni Metropolitan Municipality,Gauteng,-26.321111,28.183056,
node/262717141,St. Andrew's,suburb,City of Ekurhuleni Metropolitan Municipality,Gauteng,-26.161944,28.122222,
node/262717540,Steel Park,suburb,Emfuleni Local Municipality,Gauteng,-26.641111,27.881111,
node/262717541,Steeledale,suburb,City of Johannesburg Metropolitan Municipality,Gauteng,-26.244167,28.098889,
node/262717586,Sterrewag,suburb,City of Tshwane Metropolitan Municipality,Gauteng,-25.791667,28.229444,
node/1607243471,Stesa AH,village,City of Johannesburg Metropolitan Municipality,Gauteng,-26.228508,27.728586,
node/262717590,Stinkwater,suburb,City of Tshwane Metropolitan Municipality,Gauteng,-25.386667,28.158611,
node/262717597,Strathavon,suburb,City of Johannesburg Metropolitan Municipality,Gauteng,-26.095000,28.070000,
node/262717604,Stretford,suburb,City of Johannesburg Metropolitan Municipality,Gauteng,-26.480000,27.848333,
node/262717605,Strubensvallei,suburb,City of Johannesburg Metropolitan Municipality,Gauteng,-26.121944,27.904722,
node/262717606,Strubenvale,suburb,City of Ekurhuleni Metropolitan Municipality,Gauteng,-26.254076,28.470503,
node/262717608,Struisbult,suburb,City of Ekurhuleni Metropolitan Municipality,Gauteng,-26.310000,28.469444,
node/29728134,Strydom Park,suburb,City of Johannesburg Metropolitan Municipality,Gauteng,-26.075246,27.969696,
node/262717612,Sub-Nigel,suburb,City of Ekurhuleni Metropolitan Municipality,Gauteng,-26.398611,28.461667,
node/29367011,Suiderberg,suburb,City of Tshwane Metropolitan Municipality,Gauteng,-25.696944,28.140000,
node/262717613,Suideroord,suburb,City of Johannesburg Metropolitan Municipality,Gauteng,-26.272621,28.028106,
node/262717624,Summerfields,suburb,City of Ekurhuleni Metropolitan Municipality,Gauteng,-26.116198,28.365895,
node/262717625,Sun Valley,suburb,City of Tshwane Metropolitan Municipality,Gauteng,-25.521389,28.066944,
node/262717626,Sunair Park,suburb,City of Ekurhuleni Metropolitan Municipality,Gauteng,-26.271944,28.346111,
node/33813447,Sunderland Ridge A. H.,suburb,City of Tshwane Metropolitan Municipality,Gauteng,-25.840064,28.119505,
node/38407883,Sundowner,suburb,City of Johannesburg Metropolitan Municipality,Gauteng,-26.075556,27.937222,
node/262717630,Sunningdale Ridge,suburb,City of Johannesburg Metropolitan Municipality,Gauteng,-26.133333,28.109444,
node/262717631,Sunninghill,suburb,City of Johannesburg Metropolitan Municipality,Gauteng,-26.035278,28.075833,
node/262717633,Sunnyridge,suburb,City of Ekurhuleni Metropolitan Municipality,Gauteng,-26.170000,28.177222,
node/262717634,Sunnyrock,suburb,City of Ekurhuleni Metropolitan Municipality,Gauteng,-26.166389,28.176944,
node/25456681,Sunnyside,suburb,City of Tshwane Metropolitan Municipality,Gauteng,-25.757500,28.212222,
node/262717638,Sunward Park,suburb,City of Ekurhuleni Metropolitan Municipality,Gauteng,-26.254167,28.266389,
node/262717640,Suurman,suburb,City of Tshwane Metropolitan Municipality,Gauteng,-25.381111,28.215278,
node/324010350,Swaeltjie A.H.,suburb,City of Tshwane Metropolitan Municipality,Gauteng,-25.823200,28.400821,
node/262717647,Sydenham,suburb,City of Johannesburg Metropolitan Municipality,Gauteng,-26.154444,28.094722,
node/262717650,Symhurst,suburb,City of Ekurhuleni Metropolitan Municipality,Gauteng,-26.180833,28.172222,
node/262717658,Tamboville,suburb,City of Ekurhuleni Metropolitan Municipality,Gauteng,-26.230833,28.305000,
node/259496744,Technikon,suburb,City of Johannesburg Metropolitan Municipality,Gauteng,-26.147222,27.861944,
node/262717673,Tedstoneville,suburb,City of Ekurhuleni Metropolitan Municipality,Gauteng,-26.238056,28.200556,
node/262717684,Temba,suburb,City of Tshwane Metropolitan Municipality,Gauteng,-25.380278,28.263056,
node/262717686,Temong,suburb,City of Ekurhuleni Metropolitan Municipality,Gauteng,-26.002500,28.215833,
node/1607243456,Tenacres AH,suburb,Randfontein Local Municipality,Gauteng,-26.252710,27.611151,
node/262717689,Terenure,suburb,City of Ekurhuleni Metropolitan Municipality,Gauteng,-26.080833,28.196228,
node/262717697,Thabony,suburb,Westonaria Local Municipality,Gauteng,-26.369444,27.708611,
node/27033544,Thatchfield,suburb,City of Tshwane Metropolitan Municipality,Gauteng,-25.897486,28.113708,
node/262717702,The Gardens,suburb,City of Johannesburg Metropolitan Municipality,Gauteng,-26.149167,28.076389,
node/262717738,The Hill,suburb,Merafong City Local Municipality,Gauteng,-26.400556,27.378056,
node/262717743,The Hill,suburb,City of Johannesburg Metropolitan Municipality,Gauteng,-26.245833,28.065278,
node/286523268,The Hills,suburb,City of Tshwane Metropolitan Municipality,Gauteng,-25.868855,28.360200,
node/262717749,The Orchards,suburb,City of Tshwane Metropolitan Municipality,Gauteng,-25.648889,28.098611,
node/33609826,The Reeds,suburb,City of Tshwane Metropolitan Municipality,Gauteng,-25.899167,28.134167,
node/262717757,The Stewards,suburb,City of Ekurhuleni Metropolitan Municipality,Gauteng,-26.199722,28.293056,
node/262717770,The Village,suburb,Merafong City Local Municipality,Gauteng,-26.398611,27.387222,
node/60135016,The Wilds,suburb,City of Tshwane Metropolitan Municipality,Gauteng,-25.816776,28.332684,
node/262717800,The Woodlands,suburb,City of Johannesburg Metropolitan Municipality,Gauteng,-26.059444,28.089167,
node/262717869,Thembilisha,suburb,City of Ekurhuleni Metropolitan Municipality,Gauteng,-26.309167,28.404722,
node/262722256,Thembisa,town,City of Ekurhuleni Metropolitan Municipality,Gauteng,-26.022175,28.201448,Tembisa
node/262717893,Theresapark,suburb,City of Tshwane Metropolitan Municipality,Gauteng,-25.673056,28.144444,
node/262717909,Theta,suburb,City of Johannesburg Metropolitan Municipality,Gauteng,-26.233889,27.999444,
node/262717910,Thiteng,suburb,City of Ekurhuleni Metropolitan Municipality,Gauteng,-26.020278,28.202500,
node/262717969,Thokoza,suburb,City of Ekurhuleni Metropolitan Municipality,Gauteng,-26.353223,28.137531,Tokoza
node/1452639960,Thornbrook Golf Estate,suburb,City of Tshwane Metropolitan Municipality,Gauteng,-25.661685,28.140043,
node/262717933,Thorntree View,suburb,City of Tshwane Metropolitan Municipality,Gauteng,-25.554167,28.076111,
node/262717936,Three Rivers,suburb,Emfuleni Local Municipality,Gauteng,-26.654722,27.978056,
node/262717937,Three Rivers East,suburb,Emfuleni Local Municipality,Gauteng,-26.663611,27.999722,
node/12724859283,Thulani Park,suburb,City of Johannesburg Metropolitan Municipality,Gauteng,-26.223257,27.824156,Snake Park
node/262717952,Tileba,suburb,City of Tshwane Metropolitan Municipality,Gauteng,-25.676111,28.154722,
node/262717955,Tladi,suburb,City of Johannesburg Metropolitan Municipality,Gauteng,-26.255833,27.841667,
node/262717967,Toekomsrus,suburb,Randfontein Local Municipality,Gauteng,-26.205000,27.711389,
node/262717972,Tornado,suburb,City of Ekurhuleni Metropolitan Municipality,Gauteng,-26.280278,28.394722,
node/262717973,Towerby,suburb,City of Johannesburg Metropolitan Municipality,Gauteng,-26.255833,28.046111,
node/262717976,Townsview,suburb,City of Johannesburg Metropolitan Municipality,Gauteng,-26.257500,28.054444,
node/262717981,Trevenna,suburb,City of Tshwane Metropolitan Municipality,Gauteng,-25.749189,28.201040,
node/262717984,Troyeville,suburb,City of Johannesburg Metropolitan Municipality,Gauteng,-26.199019,28.065564,
node/262717987,Tsakane,suburb,City of Ekurhuleni Metropolitan Municipality,Gauteng,-26.356944,28.371667,
node/262718000,Tshepiso,suburb,Emfuleni Local Municipality,Gauteng,-26.675278,27.870000,
node/1371695063,Tshepisong,town,City of Johannesburg Metropolitan Municipality,Gauteng,-26.190102,27.803390,
node/262718001,Tshiawelo,suburb,City of Johannesburg Metropolitan Municipality,Gauteng,-26.282778,27.864167,
node/262718029,Tsolo,suburb,City of Ekurhuleni Metropolitan Municipality,Gauteng,-26.341389,28.157222,
node/262718033,Tsongweni,suburb,City of Ekurhuleni Metropolitan Municipality,Gauteng,-26.304444,28.155000,
node/262718052,Tugela Park,suburb,City of Tshwane Metropolitan Municipality,Gauteng,-25.665556,28.194722,
node/262718063,Tulisa,suburb,City of Johannesburg Metropolitan Municipality,Gauteng,-26.252500,28.101389,
node/262718064,Tulisa Park,suburb,City of Johannesburg Metropolitan Municipality,Gauteng,-26.248056,28.100833,
node/262718066,Turf Club,suburb,City of Johannesburg Metropolitan Municipality,Gauteng,-26.247500,28.033056,
node/262718067,Turffontein,suburb,City of Johannesburg Metropolitan Municipality,Gauteng,-26.243611,28.038889,
node/262718070,Twala,suburb,City of Ekurhuleni Metropolitan Municipality,Gauteng,-26.333611,28.147222,
node/494401691,Tygerberg Country Estate,village,City of Tshwane Metropolitan Municipality,Gauteng,-25.797010,28.378250,
node/262718110,Umbila,suburb,Lesedi Local Municipality,Gauteng,-26.254722,28.566111,
node/12599799634,Unaville AH,village,City of Johannesburg Metropolitan Municipality,Gauteng,-26.402802,27.880896,Unaville Agricultural Holdings
node/12863788999,Union,suburb,City of Ekurhuleni Metropolitan Municipality,Gauteng,-26.255431,28.154139,
node/262718163,Unitas Park,suburb,Emfuleni Local Municipality,Gauteng,-26.636667,27.906111,
node/262718173,Vaal Marina Community Center,village,Midvaal Local Municipality,Gauteng,-26.874444,28.231111,
node/310985778,Vaalbank,suburb,City of Tshwane Metropolitan Municipality,Gauteng,-25.789524,28.580525,
node/29631350,Val De Grace,suburb,City of Tshwane Metropolitan Municipality,Gauteng,-25.744445,28.296626,
node/262726141,Val-de-Grâce,suburb,City of Tshwane Metropolitan Municipality,Gauteng,-25.748056,28.292500,
node/262718183,Valhalla,suburb,City of Tshwane Metropolitan Municipality,Gauteng,-25.806944,28.151111,
node/310622888,Valtaki,suburb,City of Tshwane Metropolitan Municipality,Gauteng,-25.778859,28.604300,
node/262718188,Van Dykpark,suburb,City of Ekurhuleni Metropolitan Municipality,Gauteng,-26.246667,28.295833,
node/262718205,Van Riebeeck Park,suburb,City of Ekurhuleni Metropolitan Municipality,Gauteng,-26.079085,28.214057,
node/1381019268,Van der Westuizenhoogte AH,suburb,Midvaal Local Municipality,Gauteng,-26.661876,28.034970,
node/262722353,Vanderbijlpark,town,Emfuleni Local Municipality,Gauteng,-26.706891,27.836271,
node/91414118,Vandia Grove,suburb,City of Johannesburg Metropolitan Municipality,Gauteng,-26.066944,27.994722,
node/1380940625,Ventershof AH,suburb,City of Ekurhuleni Metropolitan Municipality,Gauteng,-26.005495,28.410724,
node/262718242,Venterspos,suburb,Westonaria Local Municipality,Gauteng,-26.268056,27.621667,
node/35960525,Vereeniging,city,Emfuleni Local Municipality,Gauteng,-26.674722,27.926111,
node/262718320,Versterpark,suburb,City of Tshwane Metropolitan Municipality,Gauteng,-25.819167,28.727778,
node/262718334,Verwoerdpark,suburb,City of Ekurhuleni Metropolitan Municipality,Gauteng,-26.272222,28.144167,
node/262718368,Victory Park,suburb,City of Johannesburg Metropolitan Municipality,Gauteng,-26.131389,28.005556,
node/262718395,Villa Liza,suburb,City of Ekurhuleni Metropolitan Municipality,Gauteng,-26.326389,28.246667,
node/262718433,Visagiepark,suburb,City of Ekurhuleni Metropolitan Municipality,Gauteng,-26.431111,28.488056,
node/369581652,Vlakfonfein,suburb,City of Tshwane Metropolitan Municipality,Gauteng,-25.878840,27.934810,
node/12633715326,Vlakfontein,suburb,City of Johannesburg Metropolitan Municipality,Gauteng,-26.376909,27.878030,
node/1371695060,Vlakfontein 238-Iq,suburb,City of Johannesburg Metropolitan Municipality,Gauteng,-26.203108,27.836819,
node/1607243470,Vleikop AH,suburb,Randfontein Local Municipality,Gauteng,-26.258771,27.581889,
node/262718495,Voortrekkerhoogte,suburb,City of Tshwane Metropolitan Municipality,Gauteng,-25.788611,28.142778,
node/262718500,Vorna Valley,suburb,City of Johannesburg Metropolitan Municipality,Gauteng,-25.998311,28.107321,
node/1380997900,Vorsterpark AH,suburb,Midvaal Local Municipality,Gauteng,-26.603107,28.047326,
node/262718514,Vosloorus,suburb,City of Ekurhuleni Metropolitan Municipality,Gauteng,-26.356389,28.208333,
node/262718530,Vrededorp,suburb,City of Johannesburg Metropolitan Municipality,Gauteng,-26.194167,28.018611,
node/262718541,Vusimuzi,suburb,City of Ekurhuleni Metropolitan Municipality,Gauteng,-26.026105,28.205997,
node/1607243459,Wagterskop,village,Westonaria Local Municipality,Gauteng,-26.361017,27.632063,
node/1607243466,Wagterskop,village,Westonaria Local Municipality,Gauteng,-26.373534,27.623207,
node/262718546,Waldrif,suburb,Emfuleni Local Municipality,Gauteng,-26.617500,27.941389,
node/262718548,Walkerville,village,Midvaal Local Municipality,Gauteng,-26.441667,27.961667,Walkerville Manor
node/25456685,Wapadrand,suburb,City of Tshwane Metropolitan Municipality,Gauteng,-25.782484,28.338931,
node/5747091235,Wapadrand Security Village,suburb,City of Tshwane Metropolitan Municipality,Gauteng,-25.775610,28.335503,Wapadrand
node/26517619,Waterkloof,suburb,City of Tshwane Metropolitan Municipality,Gauteng,-25.779167,28.238333,
node/25456665,Waterkloof Glen,suburb,City of Tshwane Metropolitan Municipality,Gauteng,-25.798889,28.270833,
node/25456664,Waterkloof Heights,suburb,City of Tshwane Metropolitan Municipality,Gauteng,-25.796944,28.257222,
node/25456679,Waterkloof Ridge,suburb,City of Tshwane Metropolitan Municipality,Gauteng,-25.787222,28.238889,
node/173501687,Waterkloofpark,suburb,City of Tshwane Metropolitan Municipality,Gauteng,-25.792222,28.256944,
node/1607243472,Waterpan,village,Westonaria Local Municipality,Gauteng,-26.348295,27.681042,
node/257703008,Waterval,suburb,City of Tshwane Metropolitan Municipality,Gauteng,-25.562685,28.274005,
node/262718561,Waterval Estate,suburb,City of Johannesburg Metropolitan Municipality,Gauteng,-26.154167,27.973889,
node/262718562,Wattville,suburb,City of Ekurhuleni Metropolitan Municipality,Gauteng,-26.224722,28.302222,
node/262718563,Waverley,suburb,City of Tshwane Metropolitan Municipality,Gauteng,-25.701931,28.255572,
node/262718586,Waverley,suburb,City of Johannesburg Metropolitan Municipality,Gauteng,-26.134722,28.079167,
node/262718593,Weavind Park,suburb,City of Tshwane Metropolitan Municipality,Gauteng,-25.733333,28.270278,
node/262718594,Wedela,suburb,Merafong City Local Municipality,Gauteng,-26.461111,27.386389,
node/262718600,Welgedacht,suburb,City of Ekurhuleni Metropolitan Municipality,Gauteng,-26.208333,28.495278,
node/243182396,Weltevredenpark,suburb,City of Johannesburg Metropolitan Municipality,Gauteng,-26.123611,27.933056,
node/262718610,Welumlambo,suburb,City of Ekurhuleni Metropolitan Municipality,Gauteng,-26.022233,28.209781,
node/262718611,Welverdiend,suburb,Merafong City Local Municipality,Gauteng,-26.386667,27.277222,
node/262718636,Wendywood,suburb,City of Johannesburg Metropolitan Municipality,Gauteng,-26.079444,28.083611,
node/260425230,Wentworth Park,suburb,Mogale City Local Municipality,Gauteng,-26.111944,27.794167,
node/262718732,Wes-Turffontein,suburb,City of Johannesburg Metropolitan Municipality,Gauteng,-26.260284,28.031365,
node/262718691,West Park,suburb,City of Tshwane Metropolitan Municipality,Gauteng,-25.755607,28.126074,
node/262718697,West Porges,suburb,Randfontein Local Municipality,Gauteng,-26.178056,27.706944,
node/1607243455,West Rand AH,village,Westonaria Local Municipality,Gauteng,-26.303655,27.763634,
node/1607237741,West Rand Garden estates,village,Westonaria Local Municipality,Gauteng,-26.296295,27.638858,
node/262718712,Westbury Ext 2,suburb,City of Johannesburg Metropolitan Municipality,Gauteng,-26.183420,27.973591,
node/1075908919,Westbury Ext 3,suburb,City of Johannesburg Metropolitan Municipality,Gauteng,-26.185093,27.980124,
node/262718713,Westcliff,suburb,City of Johannesburg Metropolitan Municipality,Gauteng,-26.169722,28.025556,
node/262718714,Westdene,suburb,City of Johannesburg Metropolitan Municipality,Gauteng,-26.175000,27.990833,
node/262718715,Westdene,suburb,City of Ekurhuleni Metropolitan Municipality,Gauteng,-26.196944,28.295833,
node/262718717,Westergloor,suburb,Randfontein Local Municipality,Gauteng,-26.196944,27.700833,
node/287106135,Western Extension,suburb,City of Ekurhuleni Metropolitan Municipality,Gauteng,-26.192396,28.302273,
node/262718728,Westonaria,suburb,Westonaria Local Municipality,Gauteng,-26.317778,27.651944,
node/262718731,Westside Park,suburb,Emfuleni Local Municipality,Gauteng,-26.586667,27.816111,
node/1383614970,Wheatlands,suburb,Randfontein Local Municipality,Gauteng,-26.185157,27.628149,
node/262718737,White City,suburb,City of Ekurhuleni Metropolitan Municipality,Gauteng,-26.300833,28.387222,
node/249094620,Whiteridge,suburb,City of Johannesburg Metropolitan Municipality,Gauteng,-26.171389,27.950556,
node/1377517513,Wielers Farm settlement,suburb,City of Johannesburg Metropolitan Municipality,Gauteng,-26.413029,27.900937,
node/27032014,Wierdapark,suburb,City of Tshwane Metropolitan Municipality,Gauteng,-25.860278,28.146667,
node/260425233,Wilfordon,suburb,City of Johannesburg Metropolitan Municipality,Gauteng,-26.163333,27.851389,
node/259496747,Wilgeheuwel,suburb,City of Johannesburg Metropolitan Municipality,Gauteng,-26.102222,27.886667,
node/254673047,Willow Wild,suburb,City of Johannesburg Metropolitan Municipality,Gauteng,-26.091160,28.024941,
node/256401429,Willowway x9,suburb,City of Johannesburg Metropolitan Municipality,Gauteng,-25.997351,28.084606,
node/259496748,Wilropark,suburb,City of Johannesburg Metropolitan Municipality,Gauteng,-26.114444,27.858333,
node/262718805,Winchester Hills,suburb,City of Johannesburg Metropolitan Municipality,Gauteng,-26.268345,28.017952,
node/262718806,Windmill Park,suburb,City of Ekurhuleni Metropolitan Municipality,Gauteng,-26.284722,28.259722,
node/262718807,Windsor East,suburb,City of Johannesburg Metropolitan Municipality,Gauteng,-26.117778,27.978333,
node/262718808,Windsor Glen,suburb,City of Johannesburg Metropolitan Municipality,Gauteng,-26.114444,27.975278,
node/249094621,Windsor West,suburb,City of Johannesburg Metropolitan Municipality,Gauteng,-26.121389,27.964722,
node/26057577,Wingate Park,suburb,City of Tshwane Metropolitan Municipality,Gauteng,-25.825000,28.269722,
node/262718819,Witfield,suburb,City of Ekurhuleni Metropolitan Municipality,Gauteng,-26.187500,28.203889,
node/262718820,Witkoppen,suburb,City of Johannesburg Metropolitan Municipality,Gauteng,-26.007500,28.008611,
node/33128920,Witkoppen Extensions,suburb,City of Johannesburg Metropolitan Municipality,Gauteng,-26.009941,28.003653,
node/262718821,Witkoppie Ridge,suburb,City of Ekurhuleni Metropolitan Municipality,Gauteng,-26.161463,28.254888,
node/259496749,Witpoortjie,suburb,City of Johannesburg Metropolitan Municipality,Gauteng,-26.139444,27.832222,
node/262718854,Wolmer,suburb,City of Tshwane Metropolitan Municipality,Gauteng,-25.663056,28.162500,
node/262718859,Wonderboom,suburb,City of Tshwane Metropolitan Municipality,Gauteng,-25.683333,28.211389,
node/262718860,Wonderboom South,suburb,City of Tshwane Metropolitan Municipality,Gauteng,-25.700000,28.208611,Wonderboom-Suid
node/262718868,Woodmead,suburb,City of Johannesburg Metropolitan Municipality,Gauteng,-26.043333,28.064444,
node/262718869,Woodmead East,suburb,City of Johannesburg Metropolitan Municipality,Gauteng,-26.045833,28.086389,
node/206998373,Woodmead Ext,suburb,City of Johannesburg Metropolitan Municipality,Gauteng,-26.043982,28.069050,
node/262718870,Woodmere,suburb,City of Ekurhuleni Metropolitan Municipality,Gauteng,-26.180000,28.188889,
node/262718875,Wychwood,suburb,City of Ekurhuleni Metropolitan Municipality,Gauteng,-26.200556,28.127500,
node/2779282009,Wynberg,suburb,City of Johannesburg Metropolitan Municipality,Gauteng,-26.110692,28.083542,
node/262718900,Yeoville,suburb,City of Johannesburg Metropolitan Municipality,Gauteng,-26.183889,28.064167,
node/262718903,Zakariyya Park,suburb,City of Johannesburg Metropolitan Municipality,Gauteng,-26.368889,27.895556,
node/268197686,Zeekoegat,suburb,City of Tshwane Metropolitan Municipality,Gauteng,-25.624526,28.331813,
node/262718974,Zithobeni,suburb,City of Tshwane Metropolitan Municipality,Gauteng,-25.786389,28.720000,
node/262718983,Zola,suburb,City of Johannesburg Metropolitan Municipality,Gauteng,-26.242222,27.836389,
node/262718986,Zonderwater,suburb,City of Tshwane Metropolitan Municipality,Gauteng,-25.688889,28.543056,
node/262718987,Zonkizizwe,suburb,City of Ekurhuleni Metropolitan Municipality,Gauteng,-26.387778,28.197500,
node/262718992,Zwartkop,suburb,City of Tshwane Metropolitan Municipality,Gauteng,-25.867222,28.176389,
node/3226299662,iKhaya LamaDube Lodge,village,City of Tshwane Metropolitan Municipality,Gauteng,-25.407228,28.436823,
node/4352378305,Acaciavale,suburb,Alfred Duma Local Municipality,KwaZulu-Natal,-28.594835,29.805652,
node/8425806021,Acton Homes,village,Okhahlamba Local Municipality,KwaZulu-Natal,-28.643138,29.405362,
node/262694497,Addison Park,suburb,uMhlathuze Local Municipality,KwaZulu-Natal,-28.736389,31.900278,
node/262694583,Albany Grove,suburb,eThekwini Metropolitan Municipality,KwaZulu-Natal,-29.765556,30.770833,
node/262694609,Albersville,suburb,Hibiscus Coast Local Municipality,KwaZulu-Natal,-30.731111,30.444722,
node/262694625,Albert Falls,village,uMshwathi Local Municipality,KwaZulu-Natal,-29.434477,30.427909,
node/262694704,Allandale,suburb,Msunduzi Local Municipality,KwaZulu-Natal,-29.568333,30.413333,
node/4352378304,Aloe Park,suburb,Alfred Duma Local Municipality,KwaZulu-Natal,-28.584831,29.792166,
node/262694749,Alton,suburb,uMhlathuze Local Municipality,KwaZulu-Natal,-28.763611,32.006944,
node/1347289624,Alva,suburb,Msinga Local Municipality,KwaZulu-Natal,-28.497257,30.400355,
node/262694764,Amajuba Park,suburb,Newcastle Local Municipality,KwaZulu-Natal,-27.728611,29.964722,
node/1347289469,Amakasi,suburb,Alfred Duma Local Municipality,KwaZulu-Natal,-28.454014,30.219411,
node/1347289582,Amakhosi,suburb,Alfred Duma Local Municipality,KwaZulu-Natal,-28.463336,30.236225,
node/262694804,Amanzimtoti,suburb,eThekwini Metropolitan Municipality,KwaZulu-Natal,-30.049722,30.888611,
node/262694816,Amatikulu,village,uMlalazi Local Municipality,KwaZulu-Natal,-29.046667,31.528056,
node/262694822,Amiel Park,suburb,Newcastle Local Municipality,KwaZulu-Natal,-27.745094,29.924590,
node/262694826,Anerley,village,Hibiscus Coast Local Municipality,KwaZulu-Natal,-30.673889,30.507500,
node/1348502200,Annandale,suburb,Dannhauser Local Municipality,KwaZulu-Natal,-27.899623,30.091353,
node/1348502238,Annieville,suburb,Dannhauser Local Municipality,KwaZulu-Natal,-27.933353,30.152174,
node/1348502320,Anville,suburb,Dannhauser Local Municipality,KwaZulu-Natal,-27.953447,30.175282,
node/2208086361,Aquadene,suburb,uMhlathuze Local Municipality,KwaZulu-Natal,-28.711042,32.036284,
node/262694835,Arbor Park,suburb,Newcastle Local Municipality,KwaZulu-Natal,-27.773056,29.950833,
node/262694837,Arboretum,suburb,uMhlathuze Local Municipality,KwaZulu-Natal,-28.757500,32.065278,
node/4279954136,Arena Park,suburb,eThekwini Metropolitan Municipality,KwaZulu-Natal,-29.917079,30.877141,
node/262694848,Ashburton,suburb,Msunduzi Local Municipality,KwaZulu-Natal,-29.665833,30.448889,
node/262694849,Ashdown,suburb,Msunduzi Local Municipality,KwaZulu-Natal,-29.637500,30.331111,
node/262694851,Ashley,suburb,eThekwini Metropolitan Municipality,KwaZulu-Natal,-29.825000,30.849444,
node/262694853,Asoka,suburb,uMdoni Local Municipality,KwaZulu-Natal,-30.304167,30.676667,
node/262718740,Astra Park,suburb,eThekwini Metropolitan Municipality,KwaZulu-Natal,-30.086944,30.844722,
node/1347289551,Asyn kraal,suburb,Alfred Duma Local Municipality,KwaZulu-Natal,-28.511576,30.160747,
node/262694858,Athlone,suburb,Msunduzi Local Municipality,KwaZulu-Natal,-29.579444,30.355833,
node/262694860,Athlone,suburb,eThekwini Metropolitan Municipality,KwaZulu-Natal,-29.801944,31.030278,
node/262694861,Athlone Park,suburb,eThekwini Metropolitan Municipality,KwaZulu-Natal,-30.012357,30.923221,
node/262694906,Atholl Heights,suburb,eThekwini Metropolitan Municipality,KwaZulu-Natal,-29.803841,30.922430,
node/262694917,Austerville,suburb,eThekwini Metropolitan Municipality,KwaZulu-Natal,-29.945278,30.980833,
node/262694919,Aviary Hill,suburb,Newcastle Local Municipality,KwaZulu-Natal,-27.718889,29.917500,
node/262694920,Avoca,suburb,eThekwini Metropolitan Municipality,KwaZulu-Natal,-29.770833,31.016667,
node/4065643594,Avoca Hills,suburb,eThekwini Metropolitan Municipality,KwaZulu-Natal,-29.757684,31.002054,
node/262694925,Babanango,village,Ulundi Local Municipality,KwaZulu-Natal,-28.376667,31.085833,
node/262694940,Ballengeich,village,Newcastle Local Municipality,KwaZulu-Natal,-27.896944,29.973611,
node/62650354,Ballito,town,KwaDukuza Local Municipality,KwaZulu-Natal,-29.543864,31.214517,
node/262719128,Bambanandi,town,uPhongolo Local Municipality,KwaZulu-Natal,-27.271197,31.272793,
node/262694952,Barry Hertzog Park,suburb,Newcastle Local Municipality,KwaZulu-Natal,-27.735833,29.954722,
node/262694959,Bayhead,suburb,eThekwini Metropolitan Municipality,KwaZulu-Natal,-29.891389,30.991389,
node/262694960,Baynesfield,suburb,Richmond Local Municipality,KwaZulu-Natal,-29.761662,30.349769,
node/262694961,Bayview,suburb,eThekwini Metropolitan Municipality,KwaZulu-Natal,-29.923322,30.914054,
node/262694962,Bazley Beach,suburb,uMdoni Local Municipality,KwaZulu-Natal,-30.436667,30.665556,
node/262694963,Beachwood,suburb,eThekwini Metropolitan Municipality,KwaZulu-Natal,-29.783333,31.045278,
node/262695046,Bellair,suburb,eThekwini Metropolitan Municipality,KwaZulu-Natal,-29.892222,30.951667,
node/262695082,Belvedere,suburb,eThekwini Metropolitan Municipality,KwaZulu-Natal,-29.771389,30.774722,
node/7258444680,Belvedere,suburb,eThekwini Metropolitan Municipality,KwaZulu-Natal,-29.578573,31.089337,
node/262695101,Berea,suburb,eThekwini Metropolitan Municipality,KwaZulu-Natal,-29.850556,31.001944,
node/262695102,Berea West,suburb,eThekwini Metropolitan Municipality,KwaZulu-Natal,-29.838889,30.944444,
node/94784097,Bergville,town,Okhahlamba Local Municipality,KwaZulu-Natal,-28.731111,29.351667,
node/262695128,Berkshire Downs,suburb,eThekwini Metropolitan Municipality,KwaZulu-Natal,-29.787500,30.878333,
node/4065643593,Besters,neighbourhood,eThekwini Metropolitan Municipality,KwaZulu-Natal,-29.722244,30.977712,
node/4514860078,Bethany,village,Okhahlamba Local Municipality,KwaZulu-Natal,-28.678934,29.333567,
node/262695182,Beverley Hills,suburb,eThekwini Metropolitan Municipality,KwaZulu-Natal,-29.836389,30.931944,
node/4281737923,Bhambayi,suburb,eThekwini Metropolitan Municipality,KwaZulu-Natal,-29.703277,30.978174,
node/262719294,Bhekuzulu,suburb,Abaqulusi Local Municipality,KwaZulu-Natal,-27.782934,30.822582,
node/262695199,Bhongwen,suburb,Greater Kokstad Local Municipality,KwaZulu-Natal,-30.546389,29.441944,
node/2208085787,Birdswood,suburb,uMhlathuze Local Municipality,KwaZulu-Natal,-28.741019,32.079594,
node/262695204,Bisley,suburb,Msunduzi Local Municipality,KwaZulu-Natal,-29.649167,30.389444,
node/262695214,Blaaubosch,suburb,Newcastle Local Municipality,KwaZulu-Natal,-27.802222,30.088333,
node/262695225,Blackridge,suburb,Msunduzi Local Municipality,KwaZulu-Natal,-29.609444,30.318611,
node/1348522683,Bloed Rivier,suburb,Endumeni Local Municipality,KwaZulu-Natal,-28.091179,30.521661,
node/262695288,Blythedale Beach,village,KwaDukuza Local Municipality,KwaZulu-Natal,-29.370668,31.351166,
node/262695293,Boboyi,suburb,Hibiscus Coast Local Municipality,KwaZulu-Natal,-30.731389,30.385833,
node/262695359,Bombay Heights,suburb,Msunduzi Local Municipality,KwaZulu-Natal,-29.546111,30.404167,
node/3606793145,Bonjaneni,village,Okhahlamba Local Municipality,KwaZulu-Natal,-28.688917,28.972565,
node/262719394,Boshoek,village,Abaqulusi Local Municipality,KwaZulu-Natal,-27.809858,31.103651,
node/1811695265,Boston,village,Impendle Local Municipality,KwaZulu-Natal,-29.682759,30.025735,
node/262695421,Botha's Hill,suburb,eThekwini Metropolitan Municipality,KwaZulu-Natal,-29.735000,30.735556,
node/262695439,Botha's Hill,suburb,eThekwini Metropolitan Municipality,KwaZulu-Natal,-29.758889,30.755278,
node/4279954138,Bottlebrush,suburb,eThekwini Metropolitan Municipality,KwaZulu-Natal,-29.900480,30.875695,
node/262695468,Boughton,suburb,Msunduzi Local Municipality,KwaZulu-Natal,-29.604167,30.335556,
node/2208086569,Brackenham,suburb,uMhlathuze Local Municipality,KwaZulu-Natal,-28.725303,32.039549,
node/262695483,Braunschweig,suburb,eDumbe Local Municipality,KwaZulu-Natal,-27.289722,30.672222,
node/6136435525,Briardale,suburb,eThekwini Metropolitan Municipality,KwaZulu-Natal,-29.768099,30.959864,
node/5473812347,Briardene Informal Settlement,neighbourhood,eThekwini Metropolitan Municipality,KwaZulu-Natal,-29.801110,31.015528,
node/936278890,Bridge City,suburb,eThekwini Metropolitan Municipality,KwaZulu-Natal,-29.726011,30.989065,
node/262704358,Brighton Beach,suburb,eThekwini Metropolitan Municipality,KwaZulu-Natal,-29.938333,31.002500,
node/262704381,Broadway,suburb,eThekwini Metropolitan Municipality,KwaZulu-Natal,-29.786944,31.039444,
node/4281558936,Brookdale,suburb,eThekwini Metropolitan Municipality,KwaZulu-Natal,-29.684971,30.997550,
node/262704402,Buena Vista,suburb,eThekwini Metropolitan Municipality,KwaZulu-Natal,-30.081667,30.852778,
node/262704403,Buffelsdraai,suburb,eThekwini Metropolitan Municipality,KwaZulu-Natal,-29.641111,30.985278,
node/262704419,Bulwer,village,Ingwe Local Municipality,KwaZulu-Natal,-29.805278,29.767222,
node/262704425,Bulwer,suburb,eThekwini Metropolitan Municipality,KwaZulu-Natal,-29.858333,31.003333,
node/1347347255,Burford,suburb,Alfred Duma Local Municipality,KwaZulu-Natal,-28.431725,29.778851,
node/262704443,Burlington Heights,suburb,eThekwini Metropolitan Municipality,KwaZulu-Natal,-29.899444,30.891944,
node/2375901320,Bushmans Nek Holiday Resort,village,Kwa Sani Local Municipality,KwaZulu-Natal,-29.849079,29.234003,
node/262704515,Byrne,village,Richmond Local Municipality,KwaZulu-Natal,-29.826611,30.183275,
node/262704585,Camperdown,suburb,Mkhambathini Local Municipality,KwaZulu-Natal,-29.727778,30.543333,
node/262704594,Canelands,suburb,eThekwini Metropolitan Municipality,KwaZulu-Natal,-29.625000,31.058056,
node/4281558935,Caneside,suburb,eThekwini Metropolitan Municipality,KwaZulu-Natal,-29.687378,31.009281,
node/1396281245,Cape Vidal,village,Mtubatuba Local Municipality,KwaZulu-Natal,-28.127337,32.557028,
node/262704602,Carrington Heights,suburb,eThekwini Metropolitan Municipality,KwaZulu-Natal,-29.878889,30.977778,
node/1318739277,Carsdale,suburb,uMhlathuze Local Municipality,KwaZulu-Natal,-28.761333,31.881989,
node/262704616,Casuarina,suburb,eThekwini Metropolitan Municipality,KwaZulu-Natal,-29.590833,31.170833,
node/2416237187,Cathedral Peak Hotel,village,Okhahlamba Local Municipality,KwaZulu-Natal,-28.947927,29.204804,
node/262704618,Cato Manor,suburb,eThekwini Metropolitan Municipality,KwaZulu-Natal,-29.861944,30.951944,
node/262704619,Cato Ridge,suburb,eThekwini Metropolitan Municipality,KwaZulu-Natal,-29.734167,30.587778,
node/262704620,Caversham Glen,suburb,eThekwini Metropolitan Municipality,KwaZulu-Natal,-29.837500,30.847778,
node/4281738393,Centenary Park,suburb,eThekwini Metropolitan Municipality,KwaZulu-Natal,-29.729204,31.018542,
node/262715989,Chakaskraal,town,KwaDukuza Local Municipality,KwaZulu-Natal,-29.450964,31.220370,Shakaskraal
node/2469145721,Champagne Castle,village,Okhahlamba Local Municipality,KwaZulu-Natal,-29.047387,29.417769,
node/262704643,Charlestown,village,Newcastle Local Municipality,KwaZulu-Natal,-27.409722,29.876667,
node/2084875501,Charters Creek,village,Mtubatuba Local Municipality,KwaZulu-Natal,-28.203977,32.416961,
node/262704645,Chase Valley,suburb,Msunduzi Local Municipality,KwaZulu-Natal,-29.557500,30.359722,
node/262704646,Chase Valley Downs,suburb,Msunduzi Local Municipality,KwaZulu-Natal,-29.568312,30.363006,
node/262704647,Chasedene,suburb,Msunduzi Local Municipality,KwaZulu-Natal,-29.577778,30.374167,
node/262719665,Chatsworth,town,eThekwini Metropolitan Municipality,KwaZulu-Natal,-29.917673,30.893676,
node/262704658,Chelmsfordville,suburb,eThekwini Metropolitan Municipality,KwaZulu-Natal,-29.784722,30.806111,
node/1348502300,Chester,suburb,Dannhauser Local Municipality,KwaZulu-Natal,-27.973036,30.259660,
node/262704659,Chesterville,suburb,eThekwini Metropolitan Municipality,KwaZulu-Natal,-29.847778,30.947500,
node/262704662,Chiltern Hills,suburb,eThekwini Metropolitan Municipality,KwaZulu-Natal,-29.814722,30.927500,
node/262704675,Clairwood,suburb,eThekwini Metropolitan Municipality,KwaZulu-Natal,-29.912778,30.984722,
node/262704676,Clansthal,suburb,eThekwini Metropolitan Municipality,KwaZulu-Natal,-30.240278,30.782222,
node/262704679,Clare Hills,suburb,eThekwini Metropolitan Municipality,KwaZulu-Natal,-29.815817,30.976690,
node/262704682,Claremont,suburb,Newcastle Local Municipality,KwaZulu-Natal,-27.736389,30.174444,
node/262704683,Clarendon,neighbourhood,Msunduzi Local Municipality,KwaZulu-Natal,-29.598611,30.357222,
node/262704684,Claridge,suburb,uMshwathi Local Municipality,KwaZulu-Natal,-29.539950,30.376377,
node/262704687,Clavis,suburb,Newcastle Local Municipality,KwaZulu-Natal,-27.417778,29.873333,
node/4066633318,Clayfield,neighbourhood,eThekwini Metropolitan Municipality,KwaZulu-Natal,-29.715118,31.016429,
node/262704689,Cleland,suburb,Msunduzi Local Municipality,KwaZulu-Natal,-29.645833,30.422222,
node/1348502275,Clere,suburb,Dannhauser Local Municipality,KwaZulu-Natal,-27.808069,30.218242,
node/262719694,Clermont,town,eThekwini Metropolitan Municipality,KwaZulu-Natal,-29.792778,30.904722,
node/1348502508,Clifton,suburb,Dannhauser Local Municipality,KwaZulu-Natal,-27.874527,30.278263,
node/262704693,Clifton Park,suburb,eThekwini Metropolitan Municipality,KwaZulu-Natal,-29.795000,30.795556,
node/1348502345,Cloneen,suburb,Dannhauser Local Municipality,KwaZulu-Natal,-27.900400,30.164551,
node/12942102544,Clydesdale,village,Umzimkhulu Local Municipality,KwaZulu-Natal,-30.297604,29.937413,
node/2776980505,Cobham,village,Kwa Sani Local Municipality,KwaZulu-Natal,-29.703161,29.411180,
node/262704719,Colenso,village,Alfred Duma Local Municipality,KwaZulu-Natal,-28.740278,29.825000,
node/4043787963,Compensation,village,KwaDukuza Local Municipality,KwaZulu-Natal,-29.501797,31.191815,
node/262704724,Congella,suburb,eThekwini Metropolitan Municipality,KwaZulu-Natal,-29.871389,30.997500,
node/262704725,Cool Air,suburb,uMshwathi Local Municipality,KwaZulu-Natal,-29.362222,30.631111,
node/1348502217,Cork,suburb,Dannhauser Local Municipality,KwaZulu-Natal,-27.958824,30.266247,
node/1348522645,Cornwall,suburb,Dannhauser Local Municipality,KwaZulu-Natal,-28.038820,30.035889,
node/262704728,Coronation,suburb,Abaqulusi Local Municipality,KwaZulu-Natal,-27.676945,31.060556,
node/262704733,Cowie's Hill,suburb,eThekwini Metropolitan Municipality,KwaZulu-Natal,-29.829167,30.898611,
node/262704734,Craigieburn,suburb,eThekwini Metropolitan Municipality,KwaZulu-Natal,-30.207500,30.767222,
node/262704735,Craigside,suburb,Endumeni Local Municipality,KwaZulu-Natal,-28.150833,30.235278,
node/262704736,Cramond,suburb,uMshwathi Local Municipality,KwaZulu-Natal,-29.415291,30.430466,
node/262704737,Creighton,village,Ingwe Local Municipality,KwaZulu-Natal,-30.027222,29.841944,
node/1347289611,Cremin,suburb,Alfred Duma Local Municipality,KwaZulu-Natal,-28.446629,29.943999,
node/4279954139,Croftdene,suburb,eThekwini Metropolitan Municipality,KwaZulu-Natal,-29.923669,30.891773,
node/262704656,Crossmoor,suburb,eThekwini Metropolitan Municipality,KwaZulu-Natal,-29.893470,30.863594,
node/1348502456,Curragh,suburb,Dannhauser Local Municipality,KwaZulu-Natal,-27.978633,30.236398,
node/262704790,Cwaka,suburb,uMfolozi Local Municipality,KwaZulu-Natal,-28.619444,31.937500,
node/262704792,Cyrildene,suburb,uMhlathuze Local Municipality,KwaZulu-Natal,-28.755556,31.901389,
node/1347289612,Dalakosi,suburb,Alfred Duma Local Municipality,KwaZulu-Natal,-28.518539,30.138401,
node/4065643592,Dalefarm,suburb,eThekwini Metropolitan Municipality,KwaZulu-Natal,-29.734243,31.012028,
node/262704814,Dalton,suburb,uMshwathi Local Municipality,KwaZulu-Natal,-29.340556,30.630556,
node/262704817,Dambuza,suburb,Msunduzi Local Municipality,KwaZulu-Natal,-29.649722,30.305833,
node/262704819,Dannhauser,town,Dannhauser Local Municipality,KwaZulu-Natal,-28.014167,30.058056,
node/262704829,Danskraal,suburb,Alfred Duma Local Municipality,KwaZulu-Natal,-28.541111,29.819167,
node/6815554672,Darnall,village,KwaDukuza Local Municipality,KwaZulu-Natal,-29.269652,31.369370,
node/262704838,Dassenhoek,suburb,eThekwini Metropolitan Municipality,KwaZulu-Natal,-29.865833,30.801111,
node/262705003,Dawn Crest,suburb,eThekwini Metropolitan Municipality,KwaZulu-Natal,-29.817778,30.920278,
node/262705005,Dawncliffe,suburb,eThekwini Metropolitan Municipality,KwaZulu-Natal,-29.844722,30.908611,
node/262705060,Desainagar,suburb,eThekwini Metropolitan Municipality,KwaZulu-Natal,-29.611389,31.153333,
node/1347289387,Dival,suburb,Alfred Duma Local Municipality,KwaZulu-Natal,-28.448287,30.277578,
node/2208085558,Dondolol,suburb,uMhlathuze Local Municipality,KwaZulu-Natal,-28.759170,31.863556,
node/1348502413,Donker,suburb,Dannhauser Local Municipality,KwaZulu-Natal,-27.832403,30.258013,
node/262705164,Donnybrook,village,Ingwe Local Municipality,KwaZulu-Natal,-29.926944,29.876944,
node/1348502372,Doomkop,suburb,Dannhauser Local Municipality,KwaZulu-Natal,-27.928892,30.130516,
node/1347289480,Doomkraal,suburb,Alfred Duma Local Municipality,KwaZulu-Natal,-28.553406,30.047218,
node/262705179,Doon Heights,suburb,eThekwini Metropolitan Municipality,KwaZulu-Natal,-30.071667,30.856111,
node/262705181,Doonside,suburb,eThekwini Metropolitan Municipality,KwaZulu-Natal,-30.071667,30.868333,
node/262705188,Doringkop,suburb,Ndwedwe Local Municipality,KwaZulu-Natal,-29.218056,31.237500,
node/1348502329,Dorset,suburb,Dannhauser Local Municipality,KwaZulu-Natal,-27.964052,30.234730,
node/262705195,Drakensberg,suburb,Okhahlamba Local Municipality,KwaZulu-Natal,-28.612916,29.126864,
node/262705205,Drummond,suburb,eThekwini Metropolitan Municipality,KwaZulu-Natal,-29.747778,30.697778,
node/262705208,Duff's Road,suburb,eThekwini Metropolitan Municipality,KwaZulu-Natal,-29.744722,31.007778,
node/11042426890,Dukuduku,village,Mtubatuba Local Municipality,KwaZulu-Natal,-28.405897,32.339201,
node/262705241,Dumbe,suburb,eDumbe Local Municipality,KwaZulu-Natal,-27.399722,30.819444,
node/94825540,Dundee,town,Endumeni Local Municipality,KwaZulu-Natal,-28.161389,30.235000,
node/27564996,Durban,city,eThekwini Metropolitan Municipality,KwaZulu-Natal,-29.861815,31.009909,Port Natal;eThekwini;EThekwini;Thekong;Durbs
node/262719953,Durban North,town,eThekwini Metropolitan Municipality,KwaZulu-Natal,-29.780556,31.035833,
node/1348522582,Durnacol,suburb,Dannhauser Local Municipality,KwaZulu-Natal,-28.050886,30.016160,
node/4281869834,Earlsfield,suburb,eThekwini Metropolitan Municipality,KwaZulu-Natal,-29.773000,30.936984,
node/262705301,Eastbourne,suburb,Dannhauser Local Municipality,KwaZulu-Natal,-27.812778,30.126944,
node/4281737956,Eastbury,suburb,eThekwini Metropolitan Municipality,KwaZulu-Natal,-29.705214,31.019874,
node/262705304,Eastwood,suburb,Msunduzi Local Municipality,KwaZulu-Natal,-29.584444,30.425833,
node/471103673,Edel Park,suburb,Abaqulusi Local Municipality,KwaZulu-Natal,-27.785417,30.784555,
node/262719970,Edendale,town,Msunduzi Local Municipality,KwaZulu-Natal,-29.652778,30.314722,
node/4352378300,Egerton,suburb,Alfred Duma Local Municipality,KwaZulu-Natal,-28.549522,29.777577,
node/704493333,Elandsheim,village,Msinga Local Municipality,KwaZulu-Natal,-28.481404,30.531633,
node/1348631602,Elandskraal,suburb,Msinga Local Municipality,KwaZulu-Natal,-28.465909,30.531737,
node/262705470,Elangeni,suburb,eThekwini Metropolitan Municipality,KwaZulu-Natal,-29.795000,30.661389,
node/262705707,Elysium,suburb,uMdoni Local Municipality,KwaZulu-Natal,-30.473333,30.640000,
node/262705712,Emachibini,suburb,Ulundi Local Municipality,KwaZulu-Natal,-28.307222,31.413889,
node/1348522665,Emafusini,suburb,Dannhauser Local Municipality,KwaZulu-Natal,-28.028454,30.057523,
node/5971959197,Emandleni,village,uMgeni Local Municipality,KwaZulu-Natal,-29.533054,30.277017,
node/262705813,Emberton,suburb,eThekwini Metropolitan Municipality,KwaZulu-Natal,-29.790000,30.801389,
node/262720061,Emdumezulu,suburb,Ulundi Local Municipality,KwaZulu-Natal,-28.288889,31.429167,
node/2207841044,Emhlanzini,suburb,uMfolozi Local Municipality,KwaZulu-Natal,-28.694603,32.174761,
node/262705834,Emkhalaqhude,suburb,Ulundi Local Municipality,KwaZulu-Natal,-28.298056,31.468333,
node/2290051184,Emmaus,village,Okhahlamba Local Municipality,KwaZulu-Natal,-28.853499,29.383548,
node/262720064,Empangeni,town,uMhlathuze Local Municipality,KwaZulu-Natal,-28.746111,31.897222,
node/262705842,Empangeni Rail,suburb,uMhlathuze Local Municipality,KwaZulu-Natal,-28.769990,31.910262,
node/2207841023,Empernbeni,suburb,uMhlathuze Local Municipality,KwaZulu-Natal,-28.875575,31.972787,
node/262720079,Enhlahleni,suburb,Abaqulusi Local Municipality,KwaZulu-Natal,-28.014154,30.737929,
node/262720084,Entendeka,suburb,Ulundi Local Municipality,KwaZulu-Natal,-28.288333,31.411389,
node/13767205742,Entumeni,village,uMlalazi Local Municipality,KwaZulu-Natal,-28.897396,31.313447,
node/262705888,Epworth,suburb,Msunduzi Local Municipality,KwaZulu-Natal,-29.627500,30.403333,
node/1345576683,Equarand,suburb,Newcastle Local Municipality,KwaZulu-Natal,-27.775315,29.944151,
node/1801491265,Erasmus Dam,suburb,KwaDukuza Local Municipality,KwaZulu-Natal,-29.339892,31.300832,
node/262705978,Escombe,suburb,eThekwini Metropolitan Municipality,KwaZulu-Natal,-29.875800,30.908807,
node/2187345645,Eshane,village,Umvoti Local Municipality,KwaZulu-Natal,-29.101735,30.823195,
node/60034814,Eshowe,town,uMlalazi Local Municipality,KwaZulu-Natal,-28.889191,31.470443,
node/262706031,Essenwood,suburb,eThekwini Metropolitan Municipality,KwaZulu-Natal,-29.836867,31.013154,
node/95831525,Estcourt,town,Umtshezi Local Municipality,KwaZulu-Natal,-29.010278,29.868611,
node/262706075,Everest Heights,suburb,eThekwini Metropolitan Municipality,KwaZulu-Natal,-29.636111,31.035833,
node/262706092,Everton,suburb,eThekwini Metropolitan Municipality,KwaZulu-Natal,-29.776667,30.819444,
node/4351417652,Ezakheni,town,Alfred Duma Local Municipality,KwaZulu-Natal,-28.632355,29.887699,
node/262706110,Ezakhiweni,suburb,Ulundi Local Municipality,KwaZulu-Natal,-28.323333,31.471389,
node/1348522721,Ezibomvu,village,Abaqulusi Local Municipality,KwaZulu-Natal,-28.096077,30.791156,
node/1347289407,Ezihlabathini,suburb,Alfred Duma Local Municipality,KwaZulu-Natal,-28.477262,30.289770,
node/262706172,Faerie Glen,suburb,Hibiscus Coast Local Municipality,KwaZulu-Natal,-30.855000,30.348611,
node/1348502269,Fairbreeze,suburb,Dannhauser Local Municipality,KwaZulu-Natal,-27.865423,30.210310,
node/262706176,Fairleigh,village,Newcastle Local Municipality,KwaZulu-Natal,-27.782407,29.925528,
node/262706186,Fairview,suburb,uMhlathuze Local Municipality,KwaZulu-Natal,-28.756667,31.893056,
node/2287902328,Fanie's Island Camp,village,Mtubatuba Local Municipality,KwaZulu-Natal,-28.111572,32.431067,
node/262706203,Farningham Ridge,suburb,eThekwini Metropolitan Municipality,KwaZulu-Natal,-29.835000,30.861667,
node/262706249,Felixton,village,uMhlathuze Local Municipality,KwaZulu-Natal,-28.830970,31.892048,
node/1345576715,Fernwood,suburb,Newcastle Local Municipality,KwaZulu-Natal,-27.773755,29.898841,
node/262706255,Field's Hill,suburb,eThekwini Metropolitan Municipality,KwaZulu-Natal,-29.796944,30.841944,
node/262706270,Flint,suburb,Dannhauser Local Municipality,KwaZulu-Natal,-27.930000,30.254167,
node/262706707,Folweni,suburb,eThekwini Metropolitan Municipality,KwaZulu-Natal,-29.989444,30.823333,
node/262706284,Fordsburg,suburb,Umtshezi Local Municipality,KwaZulu-Natal,-28.993333,29.866944,
node/262720169,Forest Hills,town,eThekwini Metropolitan Municipality,KwaZulu-Natal,-29.758889,30.830556,
node/4281558926,Foresthaven,suburb,eThekwini Metropolitan Municipality,KwaZulu-Natal,-29.686611,31.018714,
node/262706289,Fort Nottingham,suburb,uMgeni Local Municipality,KwaZulu-Natal,-29.418056,29.906389,
node/262706292,Franklin,village,Greater Kokstad Local Municipality,KwaZulu-Natal,-30.316389,29.452500,
node/262706295,Freeland Park,suburb,uMdoni Local Municipality,KwaZulu-Natal,-30.270000,30.758889,
node/262706305,Frere,suburb,Umtshezi Local Municipality,KwaZulu-Natal,-28.892222,29.774722,
node/262706307,Fynnland,suburb,eThekwini Metropolitan Municipality,KwaZulu-Natal,-29.904444,31.031667,
node/262706548,Gandhi's Hill,suburb,eThekwini Metropolitan Municipality,KwaZulu-Natal,-29.563889,31.120278,
node/262706547,Gandhinagar,suburb,eThekwini Metropolitan Municipality,KwaZulu-Natal,-29.574167,31.115833,
node/4693159385,Garlington Estate,village,uMgeni Local Municipality,KwaZulu-Natal,-29.535221,30.309650,
node/1348502443,Geduld,suburb,Dannhauser Local Municipality,KwaZulu-Natal,-27.978586,30.126177,
node/262706585,Geluksburg,village,Okhahlamba Local Municipality,KwaZulu-Natal,-28.516389,29.352222,
node/262706598,Gezinsila,suburb,uMlalazi Local Municipality,KwaZulu-Natal,-28.888889,31.493889,
node/1345576701,Ghandi Park,suburb,Newcastle Local Municipality,KwaZulu-Natal,-27.774401,29.912016,
node/262706600,Gillitts,suburb,eThekwini Metropolitan Municipality,KwaZulu-Natal,-29.796667,30.801111,
node/262706602,Gingindlovu,village,uMlalazi Local Municipality,KwaZulu-Natal,-29.028056,31.583611,
node/262706607,Gledhow,neighbourhood,KwaDukuza Local Municipality,KwaZulu-Natal,-29.369262,31.286089,
node/262706608,Glen Anil,suburb,eThekwini Metropolitan Municipality,KwaZulu-Natal,-29.752186,31.037476,
node/4281738394,Glen Hills,suburb,eThekwini Metropolitan Municipality,KwaZulu-Natal,-29.760722,31.038654,
node/262706610,Glenashley,suburb,eThekwini Metropolitan Municipality,KwaZulu-Natal,-29.760278,31.056667,
node/94845554,Glencoe,town,Endumeni Local Municipality,KwaZulu-Natal,-28.173889,30.164722,
node/262720414,Glenmore,town,Hibiscus Coast Local Municipality,KwaZulu-Natal,-31.013333,30.254722,
node/262720415,Glenmore Beach,town,Hibiscus Coast Local Municipality,KwaZulu-Natal,-31.008333,30.256389,
node/262706693,Glenwood,suburb,Msunduzi Local Municipality,KwaZulu-Natal,-29.589722,30.439167,
node/1348609716,Goba,suburb,Nquthu Local Municipality,KwaZulu-Natal,-28.367843,30.611696,
node/262706697,Gobamdlovu,suburb,uMhlathuze Local Municipality,KwaZulu-Natal,-28.858333,31.916667,
node/262706705,Golela,village,uPhongolo Local Municipality,KwaZulu-Natal,-27.318672,31.891507,
node/262706708,Golomi,suburb,eThekwini Metropolitan Municipality,KwaZulu-Natal,-29.525278,31.125833,
node/4279883646,Grangetown,suburb,eThekwini Metropolitan Municipality,KwaZulu-Natal,-29.640199,31.041237,
node/262706784,Grantham Park,suburb,uMhlathuze Local Municipality,KwaZulu-Natal,-28.765833,31.899167,
node/262706789,Grayleigh,suburb,eThekwini Metropolitan Municipality,KwaZulu-Natal,-29.830615,30.911854,
node/4066633319,Greenbury,neighbourhood,eThekwini Metropolitan Municipality,KwaZulu-Natal,-29.723970,31.032329,
node/262706793,Greendale Park,neighbourhood,uMgeni Local Municipality,KwaZulu-Natal,-29.482222,30.213889,
node/1348502477,Greenock,suburb,Dannhauser Local Municipality,KwaZulu-Natal,-27.855023,30.267469,
node/8425954441,Greenpoint,village,Okhahlamba Local Municipality,KwaZulu-Natal,-28.556749,29.403201,
node/262706838,Greenwood Park,suburb,eThekwini Metropolitan Municipality,KwaZulu-Natal,-29.785000,31.016667,
node/95771891,Greytown,town,Umvoti Local Municipality,KwaZulu-Natal,-29.060556,30.588889,
node/262706849,Groenvlei,suburb,eMadlangeni Local Municipality,KwaZulu-Natal,-27.460556,30.229722,
node/1348502191,Groot Geluk,suburb,Dannhauser Local Municipality,KwaZulu-Natal,-27.828936,30.154700,
node/262706859,Grosvenor,suburb,eThekwini Metropolitan Municipality,KwaZulu-Natal,-29.915000,31.006944,
node/262706860,Grosvenor,suburb,Hibiscus Coast Local Municipality,KwaZulu-Natal,-30.747500,30.419722,
node/262706864,Groutville,suburb,KwaDukuza Local Municipality,KwaZulu-Natal,-29.389444,31.246944,
node/2207841020,Gubhethuka,suburb,uMhlathuze Local Municipality,KwaZulu-Natal,-28.853399,31.986698,
node/1348502505,Hadebe,suburb,Dannhauser Local Municipality,KwaZulu-Natal,-27.881143,30.144586,
node/1348522714,Haladu,suburb,Nquthu Local Municipality,KwaZulu-Natal,-28.028426,30.585095,
node/262706949,Hambanati,suburb,eThekwini Metropolitan Municipality,KwaZulu-Natal,-29.552500,31.122778,
node/8425806020,Hambrook,village,Okhahlamba Local Municipality,KwaZulu-Natal,-28.636914,29.439647,
node/262706953,Hammarsdale,suburb,eThekwini Metropolitan Municipality,KwaZulu-Natal,-29.798611,30.655833,
node/262706957,Harburg,suburb,uMshwathi Local Municipality,KwaZulu-Natal,-29.410556,30.736944,
node/262706959,Harding,town,uMuziwabantu Local Municipality,KwaZulu-Natal,-30.575833,29.884722,IHarding
node/262706970,Hattingspruit,village,Dannhauser Local Municipality,KwaZulu-Natal,-28.079818,30.127367,
node/4279954142,Havenside,suburb,eThekwini Metropolitan Municipality,KwaZulu-Natal,-29.928890,30.926899,
node/262706971,Hayfields,suburb,Msunduzi Local Municipality,KwaZulu-Natal,-29.628889,30.420000,
node/262706973,Hazelmere,suburb,eThekwini Metropolitan Municipality,KwaZulu-Natal,-29.590931,31.052120,
node/262706974,Hazelwood,suburb,uMdoni Local Municipality,KwaZulu-Natal,-30.295556,30.672222,
node/262706975,Heatonville,suburb,uMhlathuze Local Municipality,KwaZulu-Natal,-28.741667,31.786111,
node/262706980,Helpmekaar,suburb,Msinga Local Municipality,KwaZulu-Natal,-28.446111,30.420278,
node/262706991,Hibberdene,suburb,Hibiscus Coast Local Municipality,KwaZulu-Natal,-30.571944,30.573611,
node/2776995036,Highmoor,village,Mpofana Local Municipality,KwaZulu-Natal,-29.320281,29.622500,
node/262706995,Hillary,suburb,eThekwini Metropolitan Municipality,KwaZulu-Natal,-29.883333,30.940278,
node/262720593,Hillcrest,town,eThekwini Metropolitan Municipality,KwaZulu-Natal,-29.775555,30.765556,
node/262706998,Hillcrest Park,suburb,eThekwini Metropolitan Municipality,KwaZulu-Natal,-29.781111,30.773611,
node/262707013,Hilldene,suburb,eThekwini Metropolitan Municipality,KwaZulu-Natal,-29.790000,30.772500,
node/262707014,Hillgrove,suburb,eThekwini Metropolitan Municipality,KwaZulu-Natal,-29.790000,30.951389,
node/262707016,Hillside,suburb,Alfred Duma Local Municipality,KwaZulu-Natal,-28.579743,29.783944,
node/2047623204,Hilltop Camp,village,Hlabisa Local Municipality,KwaZulu-Natal,-28.084041,32.044765,
node/262707018,Hilton,suburb,uMgeni Local Municipality,KwaZulu-Natal,-29.552222,30.301667,
node/262707020,Hilton Gardens,suburb,uMgeni Local Municipality,KwaZulu-Natal,-29.540278,30.305278,
node/1348502197,Hiltop,suburb,Dannhauser Local Municipality,KwaZulu-Natal,-27.967800,30.125688,
node/262707021,Himeville,village,Kwa Sani Local Municipality,KwaZulu-Natal,-29.746111,29.514444,
node/262707022,Hippo Road,suburb,eThekwini Metropolitan Municipality,KwaZulu-Natal,-29.790974,30.989665,
node/262720599,Hlabisa,village,Hlabisa Local Municipality,KwaZulu-Natal,-28.145833,31.875278,
node/1348522608,Hlathi-Dlamini,suburb,Nquthu Local Municipality,KwaZulu-Natal,-28.237900,30.531496,
node/1348522627,Hlathi-Hgudulwane,suburb,Nquthu Local Municipality,KwaZulu-Natal,-28.200645,30.561613,
node/262707026,Hlobane,village,Abaqulusi Local Municipality,KwaZulu-Natal,-27.716151,30.990791,
node/262707028,Hlobane,suburb,Abaqulusi Local Municipality,KwaZulu-Natal,-27.691945,31.017222,
node/262707029,Hlobane,suburb,Abaqulusi Local Municipality,KwaZulu-Natal,-27.684445,31.038611,
node/262707027,Hlobane - Vaalbank,suburb,Abaqulusi Local Municipality,KwaZulu-Natal,-27.720001,31.024997,
node/262707033,Hluhluwe,town,The Big Five False Bay Local Municipality,KwaZulu-Natal,-28.017500,32.269167,
node/4352378301,Hospital Park,suburb,Alfred Duma Local Municipality,KwaZulu-Natal,-28.558963,29.766869,
node/262720635,Howick,town,uMgeni Local Municipality,KwaZulu-Natal,-29.483618,30.224243,
node/262707129,Howick West,suburb,uMgeni Local Municipality,KwaZulu-Natal,-29.505556,30.227222,
node/262707132,Hulett's,suburb,uMhlathuze Local Municipality,KwaZulu-Natal,-28.754722,31.906389,
node/262707136,Hutten Heights,suburb,Newcastle Local Municipality,KwaZulu-Natal,-27.734444,29.925278,Hutten Hoogte
node/1347289392,Hwebede,suburb,Alfred Duma Local Municipality,KwaZulu-Natal,-28.541302,30.220832,
node/262707140,Hyde Park,suburb,Alfred Duma Local Municipality,KwaZulu-Natal,-28.532856,29.784717,
node/262707144,Ifafa Beach,suburb,uMdoni Local Municipality,KwaZulu-Natal,-30.461667,30.651389,
node/262707150,Illovo Beach,suburb,eThekwini Metropolitan Municipality,KwaZulu-Natal,-30.115833,30.849444,
node/1347289251,Imbangi,town,Alfred Duma Local Municipality,KwaZulu-Natal,-28.519096,30.190224,
node/262707171,Impendle,suburb,Impendle Local Municipality,KwaZulu-Natal,-29.599167,29.866944,
node/262720662,Inanda,town,eThekwini Metropolitan Municipality,KwaZulu-Natal,-29.715000,30.950000,
node/262707174,Inchanga,suburb,eThekwini Metropolitan Municipality,KwaZulu-Natal,-29.737500,30.664167,
node/262707175,Inchanga Park,suburb,eThekwini Metropolitan Municipality,KwaZulu-Natal,-29.730833,30.643056,
node/1347289250,Indayana,suburb,Alfred Duma Local Municipality,KwaZulu-Natal,-28.268196,29.910308,
node/262707198,Ingwavuma,town,Jozini Local Municipality,KwaZulu-Natal,-27.133611,31.996667,
node/262707199,Inverness,suburb,Newcastle Local Municipality,KwaZulu-Natal,-27.788611,30.177778,
node/262707230,Isipingo,suburb,eThekwini Metropolitan Municipality,KwaZulu-Natal,-29.984722,30.920833,
node/262707231,Isipingo Beach,suburb,eThekwini Metropolitan Municipality,KwaZulu-Natal,-29.994167,30.946111,
node/262707232,Isipingo Rail,suburb,eThekwini Metropolitan Municipality,KwaZulu-Natal,-29.973889,30.929722,
node/262707234,Island View,suburb,eThekwini Metropolitan Municipality,KwaZulu-Natal,-29.890278,31.037500,
node/2083514736,Ithala Offices,village,Abaqulusi Local Municipality,KwaZulu-Natal,-27.541037,31.372313,
node/12907518898,Ixopo,town,Ubuhlebezwe Local Municipality,KwaZulu-Natal,-30.153538,30.058690,
node/262707239,Ixopo,village,Ubuhlebezwe Local Municipality,KwaZulu-Natal,-30.151389,30.061111,
node/2282707577,Izingolweni,village,Ezinqoleni Local Municipality,KwaZulu-Natal,-30.784589,30.132317,
node/1348609738,Jabavu,suburb,Nquthu Local Municipality,KwaZulu-Natal,-28.262050,30.525260,
node/262707245,Jabuva,neighbourhood,Alfred Duma Local Municipality,KwaZulu-Natal,-28.561025,29.805843,
node/262707261,Jacobs,suburb,eThekwini Metropolitan Municipality,KwaZulu-Natal,-29.926389,30.986667,
node/262707263,Jagersrust,suburb,Okhahlamba Local Municipality,KwaZulu-Natal,-28.597758,29.120914,
node/1348502440,Jakkalspan,suburb,Newcastle Local Municipality,KwaZulu-Natal,-27.759944,30.141264,
node/1348502378,Jesse Farm,suburb,Dannhauser Local Municipality,KwaZulu-Natal,-27.937420,30.203317,
node/1348502474,Jobstown,suburb,Newcastle Local Municipality,KwaZulu-Natal,-27.741202,30.132260,
node/1348502249,Jokis,suburb,Dannhauser Local Municipality,KwaZulu-Natal,-27.856808,30.227722,
node/262707317,Jolivet,suburb,Vulamehlo Local Municipality,KwaZulu-Natal,-30.286667,30.349444,
node/262707322,Jozini,town,Jozini Local Municipality,KwaZulu-Natal,-27.430830,32.066386,
node/2776989830,Kamberg,village,Mpofana Local Municipality,KwaZulu-Natal,-29.384814,29.667541,
node/262707383,Karridene,suburb,eThekwini Metropolitan Municipality,KwaZulu-Natal,-30.124722,30.846389,
node/262707450,Kelso,suburb,uMdoni Local Municipality,KwaZulu-Natal,-30.368611,30.703333,
node/2144829586,Kennedy Road,suburb,eThekwini Metropolitan Municipality,KwaZulu-Natal,-29.811548,30.979845,
node/262707461,Kenville,suburb,eThekwini Metropolitan Municipality,KwaZulu-Natal,-29.785000,31.008889,
node/262707477,Kharwastan,suburb,eThekwini Metropolitan Municipality,KwaZulu-Natal,-29.898333,30.903056,
node/262707483,Khula,village,Mtubatuba Local Municipality,KwaZulu-Natal,-28.370715,32.367782,
node/262707514,Kilbarchan,village,Newcastle Local Municipality,KwaZulu-Natal,-27.832778,29.965278,
node/1318739266,Kildare,suburb,uMhlathuze Local Municipality,KwaZulu-Natal,-28.760694,31.893104,
node/1348502501,Kilegethe,suburb,Dannhauser Local Municipality,KwaZulu-Natal,-27.905150,30.187023,
node/1348522633,Kingstown,suburb,eMadlangeni Local Municipality,KwaZulu-Natal,-27.935228,30.528111,
node/1347347166,Kirkintullock,suburb,Alfred Duma Local Municipality,KwaZulu-Natal,-28.433180,29.712571,
node/262707525,Klaarwater,suburb,eThekwini Metropolitan Municipality,KwaZulu-Natal,-29.885556,30.834444,
node/1347347277,Klipfontein,suburb,Alfred Duma Local Municipality,KwaZulu-Natal,-28.391596,29.776689,
node/1347289646,Klippoort,suburb,Alfred Duma Local Municipality,KwaZulu-Natal,-28.439496,30.217290,
node/262707667,Kliprivier,suburb,Alfred Duma Local Municipality,KwaZulu-Natal,-28.519444,30.289722,
node/1348502218,Kliprots,suburb,Dannhauser Local Municipality,KwaZulu-Natal,-27.989659,30.173402,
node/262720848,Kloof,town,eThekwini Metropolitan Municipality,KwaZulu-Natal,-29.785833,30.825278,
node/54354355,Kokstad,town,Greater Kokstad Local Municipality,KwaZulu-Natal,-30.547500,29.424444,
node/2072971825,Kosi Bay Rest Camp,village,uMhlabuyalingana Local Municipality,KwaZulu-Natal,-26.959124,32.824826,
node/262707853,Kranskop,village,Umvoti Local Municipality,KwaZulu-Natal,-28.966944,30.861667,
node/262707950,Kuleka,suburb,uMhlathuze Local Municipality,KwaZulu-Natal,-28.780278,31.901667,
node/262708021,Kunene,suburb,Alfred Duma Local Municipality,KwaZulu-Natal,-28.483333,30.266667,
node/1348522680,Kwa-Mabona,suburb,Abaqulusi Local Municipality,KwaZulu-Natal,-27.959019,30.701405,
node/1348609675,Kwa-Njoko,suburb,Nquthu Local Municipality,KwaZulu-Natal,-28.352373,30.706251,
node/262708126,KwaBhidla,suburb,Ubuhlebezwe Local Municipality,KwaZulu-Natal,-30.361389,30.174167,
node/262708130,KwaDabeka,suburb,eThekwini Metropolitan Municipality,KwaZulu-Natal,-29.775833,30.908611,
node/262708147,KwaDlamini,suburb,Imbabazane Local Municipality,KwaZulu-Natal,-29.163333,29.650556,
node/262722208,KwaDukuza,town,KwaDukuza Local Municipality,KwaZulu-Natal,-29.338378,31.288121,Stanger
node/262720894,KwaDuma,village,Nongoma Local Municipality,KwaZulu-Natal,-28.068333,31.758611,
node/262708153,KwaGugu,suburb,Nkandla Local Municipality,KwaZulu-Natal,-28.673611,30.934722,
node/262708213,KwaMahlati,suburb,Ulundi Local Municipality,KwaZulu-Natal,-28.271389,31.430000,
node/262720899,KwaMakhutha,town,eThekwini Metropolitan Municipality,KwaZulu-Natal,-30.030833,30.861111,
node/262708216,KwaMaqwakazi,suburb,uMlalazi Local Municipality,KwaZulu-Natal,-28.788056,31.622500,
node/1317220204,KwaMashu,suburb,eThekwini Metropolitan Municipality,KwaZulu-Natal,-29.751576,30.977995,
node/262720900,KwaMashu,town,eThekwini Metropolitan Municipality,KwaZulu-Natal,-29.741389,30.962222,
node/262720901,KwaMayakazi,village,Hlabisa Local Municipality,KwaZulu-Natal,-28.066389,31.954722,
node/262708222,KwaMbonambi,suburb,uMfolozi Local Municipality,KwaZulu-Natal,-28.598889,32.089444,
node/1348522650,KwaMbunda,suburb,Nquthu Local Municipality,KwaZulu-Natal,-27.947871,30.602531,
node/262708257,KwaMevana,suburb,uMgeni Local Municipality,KwaZulu-Natal,-29.492222,30.226944,
node/262708320,KwaMsane,suburb,Mtubatuba Local Municipality,KwaZulu-Natal,-28.433889,32.142222,
node/262708330,KwaNcekwana,suburb,uMlalazi Local Municipality,KwaZulu-Natal,-28.760000,31.739444,
node/262708331,KwaNdengezi,suburb,eThekwini Metropolitan Municipality,KwaZulu-Natal,-29.846111,30.771389,
node/262708333,KwaNdlangubo,suburb,uMlalazi Local Municipality,KwaZulu-Natal,-28.770556,31.681111,
node/262708360,KwaNobamba,suburb,Umtshezi Local Municipality,KwaZulu-Natal,-28.845556,30.111944,
node/262720909,KwaQunwane,village,Hlabisa Local Municipality,KwaZulu-Natal,-28.048889,31.837222,
node/262708403,KwaSishwili,suburb,Ulundi Local Municipality,KwaZulu-Natal,-28.260556,31.447778,
node/1776608859,Kwamathukuza,village,Newcastle Local Municipality,KwaZulu-Natal,-27.765450,30.009239,
node/262708416,Kwezi,suburb,Umtshezi Local Municipality,KwaZulu-Natal,-29.017500,29.904167,
node/262708417,Kwezibomvu,village,Ulundi Local Municipality,KwaZulu-Natal,-28.262222,31.269722,
node/262708422,La Lucia,suburb,eThekwini Metropolitan Municipality,KwaZulu-Natal,-29.754722,31.059444,
node/262708423,La Mercy,suburb,eThekwini Metropolitan Municipality,KwaZulu-Natal,-29.638889,31.129444,
node/963508432,Lakeside,suburb,Abaqulusi Local Municipality,KwaZulu-Natal,-27.793302,30.814265,
node/4875639689,Lakeview Lifestyle Village,suburb,uMdoni Local Municipality,KwaZulu-Natal,-30.271382,30.755057,
node/262708447,Lamont,suburb,eThekwini Metropolitan Municipality,KwaZulu-Natal,-29.941944,30.943889,
node/262708448,Landauville,suburb,Msunduzi Local Municipality,KwaZulu-Natal,-29.637778,30.310000,
node/262708449,Langalokukhanya,suburb,uMlalazi Local Municipality,KwaZulu-Natal,-28.866600,31.260000,
node/262708474,Langeni,suburb,eThekwini Metropolitan Municipality,KwaZulu-Natal,-29.787222,30.663056,
node/13984323331,Larkfield,neighbourhood,KwaDukuza Local Municipality,KwaZulu-Natal,-29.356012,31.290176,
node/262720953,Leisure Bay,town,Hibiscus Coast Local Municipality,KwaZulu-Natal,-31.024722,30.241667,Leisurebaai
node/262720954,Leisure Crest,town,Hibiscus Coast Local Municipality,KwaZulu-Natal,-31.018611,30.246111,
node/262708557,Lekkerwater,suburb,Dannhauser Local Municipality,KwaZulu-Natal,-27.822778,30.170833,
node/262708584,Lennoxton,suburb,Newcastle Local Municipality,KwaZulu-Natal,-27.768611,29.913333,
node/1345576700,Lenville,suburb,Newcastle Local Municipality,KwaZulu-Natal,-27.774097,29.928838,
node/262708617,Leonard,suburb,uMgeni Local Municipality,KwaZulu-Natal,-29.549444,30.288056,
node/262708628,Leonardsville,suburb,Alfred Duma Local Municipality,KwaZulu-Natal,-28.566944,29.787500,
node/1348502301,Leslie,suburb,Newcastle Local Municipality,KwaZulu-Natal,-27.755075,30.098409,
node/1347289522,Limehill,suburb,Alfred Duma Local Municipality,KwaZulu-Natal,-28.434301,30.241223,
node/262708713,Limit Hill Township,suburb,Alfred Duma Local Municipality,KwaZulu-Natal,-28.534722,29.806944,
node/262708715,Lincoln Meade,suburb,Msunduzi Local Municipality,KwaZulu-Natal,-29.618056,30.433889,
node/262708719,Lindley,suburb,eThekwini Metropolitan Municipality,KwaZulu-Natal,-29.705833,30.933333,
node/4281737955,Longcroft,suburb,eThekwini Metropolitan Municipality,KwaZulu-Natal,-29.708405,31.013440,
node/599269924,Lotheni Village,village,Impendle Local Municipality,KwaZulu-Natal,-29.525154,29.599913,
node/4524346566,Lotus Park,neighbourhood,eThekwini Metropolitan Municipality,KwaZulu-Natal,-29.990256,30.916995,
node/262708803,Lotusville,suburb,Msunduzi Local Municipality,KwaZulu-Natal,-29.567222,30.391389,
node/4279905963,Lotusville,suburb,eThekwini Metropolitan Municipality,KwaZulu-Natal,-29.652496,31.045904,
node/262708808,Louwsburg,town,Abaqulusi Local Municipality,KwaZulu-Natal,-27.577222,31.290278,
node/12992560849,Lower Illovo,suburb,eThekwini Metropolitan Municipality,KwaZulu-Natal,-30.094670,30.822333,
node/262708868,Lynnfield Park,suburb,Msunduzi Local Municipality,KwaZulu-Natal,-29.686944,30.470556,
node/6636863196,Lüneburg,suburb,eDumbe Local Municipality,KwaZulu-Natal,-27.314672,30.617588,
node/8455810273,Mabengela,village,Nkandla Local Municipality,KwaZulu-Natal,-28.638603,31.164293,
node/262721069,Mabhokisini,village,Hlabisa Local Municipality,KwaZulu-Natal,-28.185278,31.881667,
node/2478800199,Mabibi,village,uMhlabuyalingana Local Municipality,KwaZulu-Natal,-27.329376,32.730395,
node/12504946789,Machobeni,village,Jozini Local Municipality,KwaZulu-Natal,-27.115063,32.002498,
node/94849758,Madadeni,town,Newcastle Local Municipality,KwaZulu-Natal,-27.745000,30.038611,
node/262709017,Magabeni,suburb,eThekwini Metropolitan Municipality,KwaZulu-Natal,-30.171667,30.765556,
node/262709051,Magudu,suburb,uPhongolo Local Municipality,KwaZulu-Natal,-27.532222,31.651111,
node/262709061,Mahlabatini,suburb,Ulundi Local Municipality,KwaZulu-Natal,-28.234167,31.470278,
node/2207841017,Mahunu,village,uMhlathuze Local Municipality,KwaZulu-Natal,-28.915889,31.859523,
node/262709083,Maidstone,suburb,eThekwini Metropolitan Municipality,KwaZulu-Natal,-29.545278,31.135000,
node/3372977885,Majuba Outpost,village,uPhongolo Local Municipality,KwaZulu-Natal,-27.550859,31.838397,
node/262709196,Makhosini,village,Ulundi Local Municipality,KwaZulu-Natal,-28.383242,31.274103,
node/262709320,Malukazi,suburb,eThekwini Metropolitan Municipality,KwaZulu-Natal,-29.991389,30.892222,
node/3488243604,Malvern,suburb,eThekwini Metropolitan Municipality,KwaZulu-Natal,-29.884093,30.926378,
node/262709347,Mandini,suburb,Mandeni Local Municipality,KwaZulu-Natal,-29.152912,31.410307,
node/262709350,Mandlankala,suburb,uMhlathuze Local Municipality,KwaZulu-Natal,-28.835278,31.943333,
node/2061615008,Manguzi,town,uMhlabuyalingana Local Municipality,KwaZulu-Natal,-26.988287,32.756033,
node/2207841031,Mankwathini,suburb,uMfolozi Local Municipality,KwaZulu-Natal,-28.651956,32.198291,
node/262709360,Manor,suburb,Msunduzi Local Municipality,KwaZulu-Natal,-29.599444,30.395278,
node/262709361,Manors,suburb,eThekwini Metropolitan Municipality,KwaZulu-Natal,-29.804444,30.863889,
node/2225392840,Mantuma Camp,village,Jozini Local Municipality,KwaZulu-Natal,-27.596842,32.219886,
node/1348502196,Manzana,suburb,Newcastle Local Municipality,KwaZulu-Natal,-27.766142,30.155272,
node/2287860126,Maphelane,village,Mtubatuba Local Municipality,KwaZulu-Natal,-28.406626,32.422035,
node/262709393,Mapumulo,suburb,Maphumulo Local Municipality,KwaZulu-Natal,-29.157328,31.066645,
node/262709429,Marburg,suburb,Hibiscus Coast Local Municipality,KwaZulu-Natal,-30.740556,30.423056,
node/262721255,Margate,town,Hibiscus Coast Local Municipality,KwaZulu-Natal,-30.864167,30.368611,
node/262709458,Mariann,suburb,eThekwini Metropolitan Municipality,KwaZulu-Natal,-29.859444,30.827778,
node/262709462,Mariannhill,suburb,eThekwini Metropolitan Municipality,KwaZulu-Natal,-29.845278,30.824722,
node/262709466,Marina Beach,suburb,Hibiscus Coast Local Municipality,KwaZulu-Natal,-30.933889,30.301667,
node/262709480,Marmic,suburb,eThekwini Metropolitan Municipality,KwaZulu-Natal,-29.667778,31.041667,
node/1348502486,Martha,suburb,Dannhauser Local Municipality,KwaZulu-Natal,-27.849125,30.151490,
node/3556360314,Masango Homestead,village,uPhongolo Local Municipality,KwaZulu-Natal,-27.551861,31.813813,
node/1348502410,Masondale,suburb,Newcastle Local Municipality,KwaZulu-Natal,-27.728583,30.095824,
node/2188221614,Matimatolo,village,Umvoti Local Municipality,KwaZulu-Natal,-29.130186,30.795641,
node/1347289309,Matiwane,suburb,Alfred Duma Local Municipality,KwaZulu-Natal,-28.361129,29.881395,
node/262709709,Matshana,suburb,uMhlathuze Local Municipality,KwaZulu-Natal,-28.746944,31.849722,
node/262721291,Mavulazi,village,Nongoma Local Municipality,KwaZulu-Natal,-28.008056,31.838333,
node/4279883585,Mawotana,suburb,eThekwini Metropolitan Municipality,KwaZulu-Natal,-29.662023,30.996877,
node/1348502381,Mbanane,suburb,Dannhauser Local Municipality,KwaZulu-Natal,-27.870087,30.143674,
node/262709953,Mbango,suburb,Hibiscus Coast Local Municipality,KwaZulu-Natal,-30.756111,30.446389,
node/2207841038,Mbonambi,suburb,uMfolozi Local Municipality,KwaZulu-Natal,-28.591968,32.258369,
node/262710032,Meadows,suburb,Msunduzi Local Municipality,KwaZulu-Natal,-29.640833,30.417778,
node/262710036,Meer en See,suburb,uMhlathuze Local Municipality,KwaZulu-Natal,-28.778885,32.109500,
node/262710046,Melmoth,town,Mthonjaneni Local Municipality,KwaZulu-Natal,-28.586667,31.398056,
node/9325189773,Melmoth,town,Mthonjaneni Local Municipality,KwaZulu-Natal,-28.586628,31.398055,
node/262710056,Melville,suburb,KwaDukuza Local Municipality,KwaZulu-Natal,-29.377500,31.255000,
node/262710064,Melville,suburb,Hibiscus Coast Local Municipality,KwaZulu-Natal,-30.653333,30.521111,
node/262710068,Merebank,suburb,eThekwini Metropolitan Municipality,KwaZulu-Natal,-29.953056,30.964722,
node/262710070,Merewent,suburb,eThekwini Metropolitan Municipality,KwaZulu-Natal,-29.957586,30.977540,
node/262710073,Merrivale,suburb,uMgeni Local Municipality,KwaZulu-Natal,-29.513333,30.242778,
node/262710074,Merrivale Heights,suburb,uMgeni Local Municipality,KwaZulu-Natal,-29.528889,30.251389,
node/1348502359,Mfahlawane,suburb,Dannhauser Local Municipality,KwaZulu-Natal,-27.829426,30.188326,
node/262710087,Mfume,suburb,Vulamehlo Local Municipality,KwaZulu-Natal,-30.120278,30.743056,
node/2083429449,Mhlangeni Bush Lodge,village,uPhongolo Local Municipality,KwaZulu-Natal,-27.523186,31.373092,
node/1558632775,Mid Illovo,suburb,Mkhambathini Local Municipality,KwaZulu-Natal,-29.965727,30.515764,
node/1348502290,Mieliebult,suburb,Dannhauser Local Municipality,KwaZulu-Natal,-27.831240,30.171962,
node/262710147,Milford,suburb,Dannhauser Local Municipality,KwaZulu-Natal,-27.950833,30.256944,
node/262710160,Mkhazane,suburb,Ulundi Local Municipality,KwaZulu-Natal,-28.312778,31.398889,
node/262710162,Mkobosa,suburb,uMhlathuze Local Municipality,KwaZulu-Natal,-28.866111,31.930278,
node/262710164,Mkondeni,suburb,Msunduzi Local Municipality,KwaZulu-Natal,-29.651111,30.419167,
node/262710165,Mkuze,village,Jozini Local Municipality,KwaZulu-Natal,-27.618602,32.032437,
node/1348502241,Mndozo,suburb,Newcastle Local Municipality,KwaZulu-Natal,-27.747991,30.186205,
node/262710229,Mobeni East,suburb,eThekwini Metropolitan Municipality,KwaZulu-Natal,-29.933333,30.973611,
node/262710233,Mobeni Heights,suburb,eThekwini Metropolitan Municipality,KwaZulu-Natal,-29.930833,30.941111,
node/262710238,Mobeni West,suburb,eThekwini Metropolitan Municipality,KwaZulu-Natal,-29.932863,30.964191,
node/262710242,Model Kloof,suburb,Alfred Duma Local Municipality,KwaZulu-Natal,-28.526944,29.807778,
node/1348502349,Moltloung,suburb,Dannhauser Local Municipality,KwaZulu-Natal,-27.899243,30.266115,
node/1348522704,Mondlo,suburb,Abaqulusi Local Municipality,KwaZulu-Natal,-27.958203,30.719688,
node/262710318,Montclair,suburb,eThekwini Metropolitan Municipality,KwaZulu-Natal,-29.919722,30.965278,
node/262710320,Monteseel,suburb,eThekwini Metropolitan Municipality,KwaZulu-Natal,-29.740556,30.680278,
node/262710321,Montford,suburb,eThekwini Metropolitan Municipality,KwaZulu-Natal,-29.923619,30.874285,
node/262710330,Montrose,suburb,Msunduzi Local Municipality,KwaZulu-Natal,-29.576111,30.346944,
node/11042426889,Monzi,village,Mtubatuba Local Municipality,KwaZulu-Natal,-28.439601,32.299590,
node/262710336,Mooirivier,town,Mpofana Local Municipality,KwaZulu-Natal,-29.207778,29.994722,
node/262710340,Moorton,suburb,eThekwini Metropolitan Municipality,KwaZulu-Natal,-29.904167,30.870000,
node/262710343,Mophela,suburb,eThekwini Metropolitan Municipality,KwaZulu-Natal,-29.816056,30.585199,
node/262712410,Morningside,suburb,eThekwini Metropolitan Municipality,KwaZulu-Natal,-29.818361,31.018077,
node/262712566,Moseley,suburb,eThekwini Metropolitan Municipality,KwaZulu-Natal,-29.853333,30.888333,
node/262712581,Moseley Park,suburb,eThekwini Metropolitan Municipality,KwaZulu-Natal,-29.846389,30.874167,
node/262712606,Motalabad,suburb,eThekwini Metropolitan Municipality,KwaZulu-Natal,-29.773611,30.885000,
node/262712623,Mount Edgecombe,suburb,eThekwini Metropolitan Municipality,KwaZulu-Natal,-29.735381,31.041264,
node/262712627,Mount Moreland,suburb,eThekwini Metropolitan Municipality,KwaZulu-Natal,-29.638333,31.092500,
node/4065643591,Mount Moriah,suburb,eThekwini Metropolitan Municipality,KwaZulu-Natal,-29.738233,31.020079,
node/737164297,Mount Richmore,suburb,KwaDukuza Local Municipality,KwaZulu-Natal,-29.488698,31.233162,
node/262712628,Mount Vernon,suburb,eThekwini Metropolitan Municipality,KwaZulu-Natal,-29.896667,30.937500,
node/262712633,Mountain Home,suburb,uMgeni Local Municipality,KwaZulu-Natal,-29.554722,30.291667,
node/262712634,Mountain Rise,suburb,Msunduzi Local Municipality,KwaZulu-Natal,-29.583333,30.405556,
node/262712639,Mountview,suburb,eThekwini Metropolitan Municipality,KwaZulu-Natal,-29.654167,31.036944,
node/1318739298,Mpangele,suburb,uMhlathuze Local Municipality,KwaZulu-Natal,-28.768462,31.907738,
node/262712667,Mpophomeni,suburb,uMgeni Local Municipality,KwaZulu-Natal,-29.566944,30.181667,
node/262721547,Mpumalanga,town,eThekwini Metropolitan Municipality,KwaZulu-Natal,-29.813333,30.630278,
node/262721548,Mpungamhlophe,village,Ulundi Local Municipality,KwaZulu-Natal,-28.266944,31.254167,
node/2061614978,Mseleni,village,uMhlabuyalingana Local Municipality,KwaZulu-Natal,-27.367271,32.526769,
node/262712707,Mt. Vernon,suburb,eThekwini Metropolitan Municipality,KwaZulu-Natal,-29.647500,31.022500,
node/1348502289,Mtendeka,suburb,Dannhauser Local Municipality,KwaZulu-Natal,-27.844057,30.097216,
node/14014736770,Mtonjeni,village,Jozini Local Municipality,KwaZulu-Natal,-27.219555,32.004214,
node/262712717,Mtubatuba,town,Mtubatuba Local Municipality,KwaZulu-Natal,-28.415707,32.188460,
node/262712718,Mtunzini,village,uMlalazi Local Municipality,KwaZulu-Natal,-28.955733,31.756559,
node/262712724,Mtwalume,suburb,uMdoni Local Municipality,KwaZulu-Natal,-30.492222,30.630833,
node/262712729,Muden,suburb,Umvoti Local Municipality,KwaZulu-Natal,-28.976944,30.375000,
node/1348502325,Muiskraal,suburb,Newcastle Local Municipality,KwaZulu-Natal,-27.743785,30.081566,
node/1348502322,Mullingar,suburb,Dannhauser Local Municipality,KwaZulu-Natal,-27.959560,30.281422,
node/262712785,Mullingar,suburb,Dannhauser Local Municipality,KwaZulu-Natal,-27.967500,30.279167,
node/2057426669,Muntulu Bush Lodge,village,Hlabisa Local Municipality,KwaZulu-Natal,-28.127384,32.052009,
node/2057417500,Munywaneni Bush Lodge,village,Hlabisa Local Municipality,KwaZulu-Natal,-28.151391,32.035399,
node/262712897,Murchison,suburb,Hibiscus Coast Local Municipality,KwaZulu-Natal,-30.730000,30.360000,
node/262712931,Musgrave,suburb,eThekwini Metropolitan Municipality,KwaZulu-Natal,-29.848889,30.996111,
node/3893442262,Myeki,village,Mtubatuba Local Municipality,KwaZulu-Natal,-28.315117,32.098319,
node/262713091,Naidooville,suburb,eThekwini Metropolitan Municipality,KwaZulu-Natal,-30.212222,30.768333,
node/262713098,Napierville,suburb,Msunduzi Local Municipality,KwaZulu-Natal,-29.616944,30.360833,
node/262713127,Ncandu Park,suburb,Newcastle Local Municipality,KwaZulu-Natal,-27.728333,29.975000,
node/1348609611,Ncepheni,suburb,Nquthu Local Municipality,KwaZulu-Natal,-28.329893,30.615445,
node/2207841029,Ncombo,suburb,uMhlathuze Local Municipality,KwaZulu-Natal,-28.876500,31.959079,
node/262713165,Ncotshane,village,uPhongolo Local Municipality,KwaZulu-Natal,-27.343889,31.578056,
node/262713169,Ndabayakhe,suburb,uMhlathuze Local Municipality,KwaZulu-Natal,-28.799167,31.866667,
node/1348522668,Ndatshana,suburb,Nquthu Local Municipality,KwaZulu-Natal,-28.064755,30.581960,
node/2207841018,Ndindima,suburb,uMhlathuze Local Municipality,KwaZulu-Natal,-28.887755,31.936071,
node/262713174,Ndlovane,suburb,Ulundi Local Municipality,KwaZulu-Natal,-28.307500,31.365000,
node/262713176,Ndumo,village,Jozini Local Municipality,KwaZulu-Natal,-26.925410,32.252322,
node/2060116576,Ndumo Wilderness Camp,village,Jozini Local Municipality,KwaZulu-Natal,-26.873052,32.270830,
node/262713177,Ndwedwe,suburb,Ndwedwe Local Municipality,KwaZulu-Natal,-29.514719,30.935367,
node/8455810330,Ndweni,village,Nkandla Local Municipality,KwaZulu-Natal,-28.647646,31.107852,
node/1348502244,Nellie Valley,suburb,Dannhauser Local Municipality,KwaZulu-Natal,-27.899906,30.212104,
node/1348502317,Nellie Valley,suburb,Dannhauser Local Municipality,KwaZulu-Natal,-27.934989,30.188643,
node/1348502270,Nellieville,suburb,Dannhauser Local Municipality,KwaZulu-Natal,-27.920979,30.171879,
node/262713196,New Dawn Park,suburb,eThekwini Metropolitan Municipality,KwaZulu-Natal,-29.786085,30.981730,
node/262713197,New Germany,suburb,eThekwini Metropolitan Municipality,KwaZulu-Natal,-29.805000,30.879722,
node/262713198,New Hanover,suburb,uMshwathi Local Municipality,KwaZulu-Natal,-29.355000,30.526389,
node/262713213,New Rail,suburb,uMhlathuze Local Municipality,KwaZulu-Natal,-28.761389,31.903333,
node/30670039,Newcastle,city,Newcastle Local Municipality,KwaZulu-Natal,-27.754458,29.932561,
node/1345576724,Newcastle CBD,suburb,Newcastle Local Municipality,KwaZulu-Natal,-27.753781,29.932057,
node/1345576712,Newcastle Central,suburb,Newcastle Local Municipality,KwaZulu-Natal,-27.764718,29.934117,
node/262713249,Newlands,suburb,eThekwini Metropolitan Municipality,KwaZulu-Natal,-29.778333,30.960833,
node/262713262,Newton,suburb,eThekwini Metropolitan Municipality,KwaZulu-Natal,-29.538889,31.138889,
node/262713263,Newtown,suburb,Msunduzi Local Municipality,KwaZulu-Natal,-29.680833,30.298056,
node/262721624,Ngagane,town,Newcastle Local Municipality,KwaZulu-Natal,-27.838611,29.998056,
node/262713335,Ngoje,suburb,Nkandla Local Municipality,KwaZulu-Natal,-28.604167,30.847222,
node/262721630,Ngolotshe,village,Nongoma Local Municipality,KwaZulu-Natal,-28.191389,31.786667,
node/262713384,Ngubela,suburb,Okhahlamba Local Municipality,KwaZulu-Natal,-28.715000,29.090833,
node/1348522726,Nguqunguqu,suburb,Dannhauser Local Municipality,KwaZulu-Natal,-27.999711,30.142561,
node/2208085993,Ngwelezana,suburb,uMhlathuze Local Municipality,KwaZulu-Natal,-28.772024,31.863370,
node/262713441,Ngwelezana,suburb,uMhlathuze Local Municipality,KwaZulu-Natal,-28.773611,31.858333,
node/2208086367,Ngwelezana B,suburb,uMhlathuze Local Municipality,KwaZulu-Natal,-28.781126,31.853241,
node/262713453,Ngwemnyama,village,uMfolozi Local Municipality,KwaZulu-Natal,-28.489258,31.906790,
node/2207841041,Nhlabane,suburb,uMfolozi Local Municipality,KwaZulu-Natal,-28.656619,32.229950,
node/262713651,Nkandla,town,Nkandla Local Municipality,KwaZulu-Natal,-28.620000,31.090556,
node/262713657,Nkaphane,village,Ulundi Local Municipality,KwaZulu-Natal,-28.293056,31.306944,
node/262713673,Nkonjeni,suburb,Ulundi Local Municipality,KwaZulu-Natal,-28.236111,31.383333,
node/1424556271,Nolangeni,village,Greater Kokstad Local Municipality,KwaZulu-Natal,-30.615582,29.415900,
node/262713796,Nomyaca,village,uMlalazi Local Municipality,KwaZulu-Natal,-28.738889,31.686111,
node/262713807,Nondweni,village,Nquthu Local Municipality,KwaZulu-Natal,-28.186111,30.805833,
node/12905581187,Nongoma,town,Nongoma Local Municipality,KwaZulu-Natal,-27.910666,31.648038,
node/262707240,Noodsberg Country Club,suburb,uMshwathi Local Municipality,KwaZulu-Natal,-29.349577,30.690222,
node/10594690100,Nordale,village,Mtubatuba Local Municipality,KwaZulu-Natal,-28.399824,32.215680,
node/262713959,Northdale,neighbourhood,Msunduzi Local Municipality,KwaZulu-Natal,-29.557222,30.393889,
node/262713983,Northdene,suburb,eThekwini Metropolitan Municipality,KwaZulu-Natal,-29.866667,30.893889,
node/262714002,Northern Park,suburb,Msunduzi Local Municipality,KwaZulu-Natal,-29.579722,30.369444,
node/2660167667,Norwood Park,neighbourhood,uMlalazi Local Municipality,KwaZulu-Natal,-28.892944,31.476242,
node/262714047,Nottingham Road,village,uMgeni Local Municipality,KwaZulu-Natal,-29.356111,29.994722,
node/262714053,Novunula,suburb,uMfolozi Local Municipality,KwaZulu-Natal,-28.366667,31.994444,
node/262714070,Nqoleni,suburb,uMlalazi Local Municipality,KwaZulu-Natal,-28.772222,31.652778,
node/262714082,Nqutshini,suburb,uMhlathuze Local Municipality,KwaZulu-Natal,-28.798611,31.830556,
node/94823679,Nqutu,town,Nquthu Local Municipality,KwaZulu-Natal,-28.216667,30.673333,
node/262714088,Nqutu Park,suburb,Mkhambathini Local Municipality,KwaZulu-Natal,-29.726389,30.531667,
node/262714093,Nseleni,suburb,uMhlathuze Local Municipality,KwaZulu-Natal,-28.664722,32.022222,
node/262714115,Ntambanana,suburb,Ntambanana Local Municipality,KwaZulu-Natal,-28.603889,31.741667,
node/2207841026,Ntshingimpisi,suburb,uMfolozi Local Municipality,KwaZulu-Natal,-28.739961,32.139583,
node/2084237435,Ntshondwe Camp,village,uPhongolo Local Municipality,KwaZulu-Natal,-27.544170,31.281646,
node/8455810274,Ntumbeni,village,Nkandla Local Municipality,KwaZulu-Natal,-28.635446,31.142267,
node/2182427998,Ntunjambili,village,Maphumulo Local Municipality,KwaZulu-Natal,-28.933640,30.938111,
node/3789798414,Ntuthunga,village,uMfolozi Local Municipality,KwaZulu-Natal,-28.428548,31.927717,
node/7698322509,Ntweni,village,Mtubatuba Local Municipality,KwaZulu-Natal,-28.399618,32.077715,
node/1318739331,Nyala Park,suburb,uMhlathuze Local Municipality,KwaZulu-Natal,-28.746096,31.904648,
node/262714239,Nyanyadu,suburb,Dannhauser Local Municipality,KwaZulu-Natal,-27.977500,30.274167,
node/2207841042,Nyembe,village,uMhlathuze Local Municipality,KwaZulu-Natal,-28.934935,31.818150,
node/3606793150,Nyusana,village,Okhahlamba Local Municipality,KwaZulu-Natal,-28.689764,28.988421,
node/2207841032,Nzalabantu,suburb,uMfolozi Local Municipality,KwaZulu-Natal,-28.720213,32.167271,
node/2177869207,Nzimakwe,village,Hibiscus Coast Local Municipality,KwaZulu-Natal,-31.007298,30.230767,
node/262714244,Oak Park,suburb,Msunduzi Local Municipality,KwaZulu-Natal,-29.562778,30.338056,
node/4279883644,Oaklands,suburb,eThekwini Metropolitan Municipality,KwaZulu-Natal,-29.643797,31.026885,
node/262714247,Obanjeni,suburb,uMlalazi Local Municipality,KwaZulu-Natal,-28.933889,31.685000,
node/262714260,Observation Hill,suburb,Alfred Duma Local Municipality,KwaZulu-Natal,-28.532347,29.767856,
node/262714266,Ocean View,suburb,eThekwini Metropolitan Municipality,KwaZulu-Natal,-29.910833,31.024722,
node/1348522660,Ohaleni,suburb,Nquthu Local Municipality,KwaZulu-Natal,-28.140965,30.562893,
node/9936590620,Ohlange,suburb,eThekwini Metropolitan Municipality,KwaZulu-Natal,-29.700480,30.952943,
node/1347289593,Opmerksaamheid,suburb,Alfred Duma Local Municipality,KwaZulu-Natal,-28.512960,30.036195,
node/262714358,Oribi,suburb,Msunduzi Local Municipality,KwaZulu-Natal,-29.639722,30.397778,
node/262714363,Oribi Heights,suburb,Msunduzi Local Municipality,KwaZulu-Natal,-29.654444,30.395278,
node/94850165,Osizweni,town,Newcastle Local Municipality,KwaZulu-Natal,-27.786944,30.129167,
node/262714383,Oslo Beach,suburb,Hibiscus Coast Local Municipality,KwaZulu-Natal,-30.763333,30.440833,
node/262714436,Overport,suburb,eThekwini Metropolitan Municipality,KwaZulu-Natal,-29.834444,31.001667,
node/262714479,Paddock,village,Ezinqoleni Local Municipality,KwaZulu-Natal,-30.754444,30.253889,
node/262715114,Padfield Park,suburb,eThekwini Metropolitan Municipality,KwaZulu-Natal,-29.793611,30.863889,
node/262714507,Palm Beach,village,Hibiscus Coast Local Municipality,KwaZulu-Natal,-30.981321,30.273582,
node/262714518,Palmiet,suburb,eThekwini Metropolitan Municipality,KwaZulu-Natal,-29.811389,30.965000,
node/1348522617,Palmietfontein,suburb,Dannhauser Local Municipality,KwaZulu-Natal,-28.031842,30.051638,
node/4281558894,Palmview,suburb,eThekwini Metropolitan Municipality,KwaZulu-Natal,-29.673520,31.023864,
node/262714539,Panorama,suburb,uMhlathuze Local Municipality,KwaZulu-Natal,-28.752500,31.889444,
node/262714541,Paradise,suburb,Newcastle Local Municipality,KwaZulu-Natal,-27.754167,29.922778,
node/262714545,Park Hill,suburb,eThekwini Metropolitan Municipality,KwaZulu-Natal,-29.795000,31.023611,
node/262714546,Park Rynie,suburb,uMdoni Local Municipality,KwaZulu-Natal,-30.322500,30.737778,
node/262714556,Parlock,suburb,eThekwini Metropolitan Municipality,KwaZulu-Natal,-29.794121,30.974759,
node/1348502214,Path Farm,suburb,Dannhauser Local Municipality,KwaZulu-Natal,-27.966335,30.208050,
node/262714560,Paulpietersburg,town,eDumbe Local Municipality,KwaZulu-Natal,-27.423056,30.815833,
node/262714562,Peacevale,suburb,Endumeni Local Municipality,KwaZulu-Natal,-28.160833,30.241667,
node/1347289401,Pearl,suburb,Alfred Duma Local Municipality,KwaZulu-Natal,-28.595259,29.992427,
node/262714564,Pelham,suburb,Msunduzi Local Municipality,KwaZulu-Natal,-29.633056,30.388056,
node/262714569,Pendale,suburb,uMdoni Local Municipality,KwaZulu-Natal,-30.384722,30.690556,
node/262714570,Penhalonga,suburb,Ubuhlebezwe Local Municipality,KwaZulu-Natal,-30.220556,30.060556,
node/262714572,Pennington,suburb,uMdoni Local Municipality,KwaZulu-Natal,-30.380278,30.696389,
node/1348502291,Phillip,suburb,Dannhauser Local Municipality,KwaZulu-Natal,-27.849010,30.199237,
node/262721927,Phoenix,town,eThekwini Metropolitan Municipality,KwaZulu-Natal,-29.701556,31.007220,
node/4281737921,Phoenix Industrial,suburb,eThekwini Metropolitan Municipality,KwaZulu-Natal,-29.721634,31.001718,
node/30211844,Pietermaritzburg,city,Msunduzi Local Municipality,KwaZulu-Natal,-29.600000,30.378889,NguMgungundlovu;Mokokotlofo;Maritzburg;PMB;Msunduzi
node/1424556196,Pine Cleugh,village,Greater Kokstad Local Municipality,KwaZulu-Natal,-30.616813,29.316738,
node/262721935,Pinetown,town,eThekwini Metropolitan Municipality,KwaZulu-Natal,-29.814272,30.858186,
node/262714796,Pioneer Park,suburb,Newcastle Local Municipality,KwaZulu-Natal,-27.729722,29.932222,
node/262714850,Polela,suburb,Ingwe Local Municipality,KwaZulu-Natal,-29.816111,29.771111,
node/262714901,Pomeroy,village,Msinga Local Municipality,KwaZulu-Natal,-28.552024,30.425601,
node/262714935,Pongola,town,uPhongolo Local Municipality,KwaZulu-Natal,-27.377588,31.616886,
node/1348502272,Poona,suburb,Dannhauser Local Municipality,KwaZulu-Natal,-27.938083,30.230665,
node/2207841040,Port Durnford,village,uMhlathuze Local Municipality,KwaZulu-Natal,-28.921428,31.829260,
node/262721945,Port Edward,town,Hibiscus Coast Local Municipality,KwaZulu-Natal,-31.055931,30.222749,
node/262721946,Port Shepstone,town,Hibiscus Coast Local Municipality,KwaZulu-Natal,-30.742778,30.450556,
node/262721948,Portobello,town,Hibiscus Coast Local Municipality,KwaZulu-Natal,-31.002222,30.261389,
node/262715054,Prestbury,suburb,Msunduzi Local Municipality,KwaZulu-Natal,-29.615833,30.334167,
node/262715089,Prospect Hall,suburb,eThekwini Metropolitan Municipality,KwaZulu-Natal,-29.798333,31.033611,
node/262715093,Protea Park,suburb,Hibiscus Coast Local Municipality,KwaZulu-Natal,-30.725556,30.428611,
node/474554470,Protea Park,suburb,Abaqulusi Local Municipality,KwaZulu-Natal,-27.773746,30.774419,
node/262715097,Puntans Hill,suburb,eThekwini Metropolitan Municipality,KwaZulu-Natal,-29.816667,31.005000,
node/262715101,Qudeni,suburb,Nkandla Local Municipality,KwaZulu-Natal,-28.607778,30.864722,
node/262721973,Queensburgh,town,eThekwini Metropolitan Municipality,KwaZulu-Natal,-29.863889,30.914722,
node/262715105,Queensmead,suburb,eThekwini Metropolitan Municipality,KwaZulu-Natal,-29.893203,30.909329,
node/4066633321,Rainham,neighbourhood,eThekwini Metropolitan Municipality,KwaZulu-Natal,-29.725144,31.022480,
node/262715122,Raisethorpe,suburb,Msunduzi Local Municipality,KwaZulu-Natal,-29.558889,30.416111,
node/1348502352,Ramlani,suburb,Dannhauser Local Municipality,KwaZulu-Natal,-27.819868,30.231082,
node/262715152,Ramsgate,village,Hibiscus Coast Local Municipality,KwaZulu-Natal,-30.894417,30.344026,
node/262715155,Ramsgate South,suburb,Hibiscus Coast Local Municipality,KwaZulu-Natal,-30.902222,30.341389,
node/262715227,Red Hill,suburb,eThekwini Metropolitan Municipality,KwaZulu-Natal,-29.775000,31.030833,
node/4279883645,Redcliffe,suburb,eThekwini Metropolitan Municipality,KwaZulu-Natal,-29.641592,31.018738,
node/4281737922,Redfern,suburb,eThekwini Metropolitan Municipality,KwaZulu-Natal,-29.714614,30.983999,
node/262715257,Renishaw,suburb,uMdoni Local Municipality,KwaZulu-Natal,-30.281389,30.736111,
node/262715262,Rensburgsdrif,suburb,Umtshezi Local Municipality,KwaZulu-Natal,-28.980000,29.888056,
node/4352378299,Reservoir Hill,suburb,Alfred Duma Local Municipality,KwaZulu-Natal,-28.548111,29.768300,
node/262715282,Reservoir Hills,suburb,eThekwini Metropolitan Municipality,KwaZulu-Natal,-29.794942,30.935363,
node/30225789,Richards Bay,city,uMhlathuze Local Municipality,KwaZulu-Natal,-28.770786,32.057778,Richardsbaai
node/1318739304,Richem,suburb,uMhlathuze Local Municipality,KwaZulu-Natal,-28.766826,31.890443,
node/262715298,Richmond,town,Richmond Local Municipality,KwaZulu-Natal,-29.873333,30.273333,
node/262715301,Ridgeview,suburb,eThekwini Metropolitan Municipality,KwaZulu-Natal,-29.870278,30.938889,
node/262715320,Rietrivier,suburb,eThekwini Metropolitan Municipality,KwaZulu-Natal,-29.662500,31.020556,
node/7139016549,Rietvlei,town,Umzimkhulu Local Municipality,KwaZulu-Natal,-30.485741,29.833081,
node/4279954137,Risecliff,suburb,eThekwini Metropolitan Municipality,KwaZulu-Natal,-29.914247,30.863899,
node/262715333,River View,suburb,Mtubatuba Local Municipality,KwaZulu-Natal,-28.438056,32.181944,
node/262715336,Riverside,suburb,eThekwini Metropolitan Municipality,KwaZulu-Natal,-29.803070,31.016377,
node/262715337,Riverside,village,Umzimkhulu Local Municipality,KwaZulu-Natal,-30.081111,29.703889,
node/4279883647,Riverview Park,suburb,eThekwini Metropolitan Municipality,KwaZulu-Natal,-29.630258,31.049991,
node/262715572,Riyadh,suburb,eThekwini Metropolitan Municipality,KwaZulu-Natal,-29.647721,31.063417,
node/1347289310,Rockcliff,suburb,Alfred Duma Local Municipality,KwaZulu-Natal,-28.486924,30.184677,
node/4066633317,Rockford,neighbourhood,eThekwini Metropolitan Municipality,KwaZulu-Natal,-29.713701,31.032232,
node/2478800084,Rocktail Bay,village,uMhlabuyalingana Local Municipality,KwaZulu-Natal,-27.179757,32.801672,
node/2478775171,Rocktail Beach Camp,village,uMhlabuyalingana Local Municipality,KwaZulu-Natal,-27.262246,32.769957,
node/262715588,Roma,village,Abaqulusi Local Municipality,KwaZulu-Natal,-27.765556,31.156389,
node/262715593,Roodekrans,suburb,eThekwini Metropolitan Municipality,KwaZulu-Natal,-29.635833,31.018056,
node/8425954580,Rooihoek,village,Okhahlamba Local Municipality,KwaZulu-Natal,-28.577924,29.375945,
node/262715623,Roosboom,suburb,Alfred Duma Local Municipality,KwaZulu-Natal,-28.636111,29.719167,
node/1348609692,Rorke's Drift,suburb,Msinga Local Municipality,KwaZulu-Natal,-28.349245,30.532384,
node/4352378303,Rose Park,suburb,Alfred Duma Local Municipality,KwaZulu-Natal,-28.572391,29.776257,
node/262715691,Roseneath,suburb,eThekwini Metropolitan Municipality,KwaZulu-Natal,-30.197222,30.752222,
node/764535933,Rosetta,village,Mpofana Local Municipality,KwaZulu-Natal,-29.306351,29.975186,
node/262715697,Rossburgh,suburb,eThekwini Metropolitan Municipality,KwaZulu-Natal,-29.898333,30.972500,
node/1348502452,Rutland,suburb,Dannhauser Local Municipality,KwaZulu-Natal,-27.947482,30.212385,
node/4281737954,Rydalvale,suburb,eThekwini Metropolitan Municipality,KwaZulu-Natal,-29.710706,31.000335,
node/262715718,Saiccor,suburb,eThekwini Metropolitan Municipality,KwaZulu-Natal,-30.210833,30.786111,
node/730521206,Salt Rock,town,KwaDukuza Local Municipality,KwaZulu-Natal,-29.502072,31.237079,
node/262715745,Sandfields,suburb,eThekwini Metropolitan Municipality,KwaZulu-Natal,-29.538611,31.146944,
node/262715765,Sangoyane,suburb,Ulundi Local Municipality,KwaZulu-Natal,-28.278333,31.463056,
node/2776982780,Sani Pass Hotel,village,Kwa Sani Local Municipality,KwaZulu-Natal,-29.656566,29.445469,
node/262715800,Sarnia,suburb,eThekwini Metropolitan Municipality,KwaZulu-Natal,-29.831944,30.880833,
node/262715858,Schroeders,village,uMshwathi Local Municipality,KwaZulu-Natal,-29.384855,30.560381,
node/262715860,Schuinshoogte,suburb,Newcastle Local Municipality,KwaZulu-Natal,-27.714167,29.922778,
node/262722148,Scottburgh,town,uMdoni Local Municipality,KwaZulu-Natal,-30.286041,30.754365,
node/262715864,Scottburgh South,suburb,uMdoni Local Municipality,KwaZulu-Natal,-30.302500,30.744167,
node/2051028642,Scottsville,suburb,Msunduzi Local Municipality,KwaZulu-Natal,-29.616280,30.396936,
node/1348502497,Scrum,suburb,Dannhauser Local Municipality,KwaZulu-Natal,-27.833602,30.220081,
node/262715868,Sea Park,suburb,Hibiscus Coast Local Municipality,KwaZulu-Natal,-30.695278,30.488056,
node/262715869,Sea View,suburb,eThekwini Metropolitan Municipality,KwaZulu-Natal,-29.902400,30.970038,
node/262715871,Sea-Cow Lake,suburb,eThekwini Metropolitan Municipality,KwaZulu-Natal,-29.800556,31.007500,
node/262715876,Sebokwe,suburb,uMfolozi Local Municipality,KwaZulu-Natal,-28.700000,32.161111,
node/262715987,Sezela,suburb,uMdoni Local Municipality,KwaZulu-Natal,-30.406944,30.679167,
node/744986123,Shaka's Head,town,KwaDukuza Local Municipality,KwaZulu-Natal,-29.499295,31.204576,Shakashead
node/262715988,Shaka's Rock,town,KwaDukuza Local Municipality,KwaZulu-Natal,-29.513585,31.231241,Chakasrock
node/262715992,Shallcross,suburb,eThekwini Metropolitan Municipality,KwaZulu-Natal,-29.885278,30.870000,
node/4281558915,Shastri Park,suburb,eThekwini Metropolitan Municipality,KwaZulu-Natal,-29.677056,31.017605,
node/262715998,Sheffield Beach,suburb,KwaDukuza Local Municipality,KwaZulu-Natal,-29.485977,31.250537,
node/262716000,Shelly Beach,village,Hibiscus Coast Local Municipality,KwaZulu-Natal,-30.799167,30.415278,
node/262716001,Shembes Village,suburb,eThekwini Metropolitan Municipality,KwaZulu-Natal,-29.706667,30.960000,
node/262716003,Sherwood,suburb,eThekwini Metropolitan Municipality,KwaZulu-Natal,-29.828889,30.977222,
node/1348522700,Shroeders Hope,suburb,Endumeni Local Municipality,KwaZulu-Natal,-28.141889,30.129700,
node/262716005,Shulton Park,suburb,eThekwini Metropolitan Municipality,KwaZulu-Natal,-30.065000,30.856944,
node/262716016,Signal Hill,suburb,Newcastle Local Municipality,KwaZulu-Natal,-27.712778,29.948611,
node/13955215681,Sihlangwini,village,Jozini Local Municipality,KwaZulu-Natal,-27.180910,31.979891,
node/2207841025,Sikhalasenkosi,village,uMhlathuze Local Municipality,KwaZulu-Natal,-28.896229,31.892184,
node/4279954141,Silverglen,suburb,eThekwini Metropolitan Municipality,KwaZulu-Natal,-29.924954,30.905832,
node/9665058578,Silverglen,suburb,eThekwini Metropolitan Municipality,KwaZulu-Natal,-29.919521,30.899981,
node/262716121,Slangspruit,suburb,Msunduzi Local Municipality,KwaZulu-Natal,-29.659722,30.355278,
node/1348502482,Sleevedonald,suburb,Dannhauser Local Municipality,KwaZulu-Natal,-27.971637,30.175282,
node/262716126,Sobamdlovu,suburb,uMhlathuze Local Municipality,KwaZulu-Natal,-28.853889,31.911667,
node/262716127,Sobantu,suburb,Msunduzi Local Municipality,KwaZulu-Natal,-29.596151,30.423951,
node/2073000645,Sodwana Bay,village,The Big Five False Bay Local Municipality,KwaZulu-Natal,-27.548832,32.671184,
node/4281738395,Somerset Park,suburb,eThekwini Metropolitan Municipality,KwaZulu-Natal,-29.733611,31.058216,
node/3893442261,Somkhele,village,Mtubatuba Local Municipality,KwaZulu-Natal,-28.328959,32.103416,
node/262716139,Soms Hoek,suburb,Alfred Duma Local Municipality,KwaZulu-Natal,-28.503333,30.213056,
node/1347289473,Somshoek,suburb,Alfred Duma Local Municipality,KwaZulu-Natal,-28.541159,30.175443,
node/262716157,Southbroom,village,Hibiscus Coast Local Municipality,KwaZulu-Natal,-30.914574,30.324315,
node/4066633322,Southgate,suburb,eThekwini Metropolitan Municipality,KwaZulu-Natal,-29.730314,31.029964,
node/262716278,Southport,suburb,Hibiscus Coast Local Municipality,KwaZulu-Natal,-30.681389,30.496389,
node/4279905962,Southridge,suburb,eThekwini Metropolitan Municipality,KwaZulu-Natal,-29.658940,31.046782,
node/262716465,Sparks,suburb,eThekwini Metropolitan Municipality,KwaZulu-Natal,-29.835000,30.977222,
node/1348502520,Spookmill,suburb,Dannhauser Local Municipality,KwaZulu-Natal,-27.820753,30.253343,
node/1348502355,Springbok Laagte,suburb,Dannhauser Local Municipality,KwaZulu-Natal,-27.842962,30.242554,
node/262716734,Springfield,suburb,eThekwini Metropolitan Municipality,KwaZulu-Natal,-29.820556,30.995000,
node/262717054,St Winifreds,suburb,eThekwini Metropolitan Municipality,KwaZulu-Natal,-30.087778,30.853611,
node/262717301,St. Helier,suburb,eThekwini Metropolitan Municipality,KwaZulu-Natal,-29.798056,30.773056,
node/262717408,St. Lucia,village,Mtubatuba Local Municipality,KwaZulu-Natal,-28.376944,32.414167,
node/262717505,St. Michael's On Sea,suburb,Hibiscus Coast Local Municipality,KwaZulu-Natal,-30.825278,30.401389,
node/262717507,St. Wendolins,suburb,eThekwini Metropolitan Municipality,KwaZulu-Natal,-29.871389,30.840278,
node/262717509,Stamford Hill,suburb,eThekwini Metropolitan Municipality,KwaZulu-Natal,-29.821264,31.028372,
node/262717518,Stanger Heights,suburb,KwaDukuza Local Municipality,KwaZulu-Natal,-29.323889,31.284722,
node/262717536,Stanger Manor,suburb,KwaDukuza Local Municipality,KwaZulu-Natal,-29.317778,31.291111,
node/262717537,Stanmore,suburb,eThekwini Metropolitan Municipality,KwaZulu-Natal,-29.696936,31.018700,
node/4352378306,Steadville,suburb,Alfred Duma Local Municipality,KwaZulu-Natal,-28.571201,29.828593,
node/4066633320,Stonebridge,neighbourhood,eThekwini Metropolitan Municipality,KwaZulu-Natal,-29.722069,31.015035,
node/10678933403,Stratford,neighbourhood,eThekwini Metropolitan Municipality,KwaZulu-Natal,-29.800927,30.866625,
node/262717602,Strathmore Park,suburb,Endumeni Local Municipality,KwaZulu-Natal,-28.175000,30.206944,
node/262717603,Stratton-on-Sea,suburb,eThekwini Metropolitan Municipality,KwaZulu-Natal,-29.715556,31.085000,
node/1348502510,Strijbank,suburb,Dannhauser Local Municipality,KwaZulu-Natal,-28.006770,30.123245,
node/262717628,Sundumbili,suburb,Mandeni Local Municipality,KwaZulu-Natal,-29.131667,31.398611,
node/262717629,Sunningdale,suburb,eThekwini Metropolitan Municipality,KwaZulu-Natal,-29.746953,31.043750,
node/262717632,Sunny Ridge,suburb,Newcastle Local Municipality,KwaZulu-Natal,-27.730000,29.950000,
node/2660167661,Sunnydale,suburb,uMlalazi Local Municipality,KwaZulu-Natal,-28.884339,31.486220,
node/262717636,Sunnyside,suburb,Msunduzi Local Municipality,KwaZulu-Natal,-29.606389,30.322222,
node/1345576714,Sunset View,suburb,Newcastle Local Municipality,KwaZulu-Natal,-27.776299,29.906565,
node/262717639,Sunwich Port,suburb,Hibiscus Coast Local Municipality,KwaZulu-Natal,-30.665000,30.510556,
node/1348502252,Surrey,suburb,Dannhauser Local Municipality,KwaZulu-Natal,-27.828200,30.277273,
node/1345576688,Sury Aville,suburb,Newcastle Local Municipality,KwaZulu-Natal,-27.761566,29.912187,
node/1348502224,Suspence,suburb,Newcastle Local Municipality,KwaZulu-Natal,-27.721276,30.117919,
node/262717642,Swartberg,suburb,Greater Kokstad Local Municipality,KwaZulu-Natal,-30.238056,29.341667,
node/262717648,Sydenham,suburb,eThekwini Metropolitan Municipality,KwaZulu-Natal,-29.828333,30.994444,
node/262717655,Tafuleni,suburb,Msunduzi Local Municipality,KwaZulu-Natal,-29.686667,30.303056,
node/1348522610,Tagora Village,suburb,Dannhauser Local Municipality,KwaZulu-Natal,-28.049606,30.029550,
node/262717687,Temple Valley,suburb,eThekwini Metropolitan Municipality,KwaZulu-Natal,-29.651667,31.059167,
node/262717698,Thakazele,suburb,Abaqulusi Local Municipality,KwaZulu-Natal,-27.673056,31.061944,
node/2084267279,Thalu Field Office,village,uPhongolo Local Municipality,KwaZulu-Natal,-27.507209,31.203883,
node/262717731,The Grange,suburb,Msunduzi Local Municipality,KwaZulu-Natal,-29.641944,30.375833,
node/262717778,The Village,suburb,uMhlathuze Local Municipality,KwaZulu-Natal,-28.792799,32.096201,
node/262717843,Thembalihle,suburb,Endumeni Local Municipality,KwaZulu-Natal,-28.195278,30.160278,
node/262717934,Thornville,village,Richmond Local Municipality,KwaZulu-Natal,-29.735346,30.384816,
node/262717935,Thornwood,suburb,eThekwini Metropolitan Municipality,KwaZulu-Natal,-29.855278,30.802778,
node/2177869092,Thundeza,village,Hibiscus Coast Local Municipality,KwaZulu-Natal,-30.985964,30.235401,
node/262717953,Tinley Manor Beach,village,KwaDukuza Local Municipality,KwaZulu-Natal,-29.448611,31.285556,
node/262717970,Tongaat South,suburb,eThekwini Metropolitan Municipality,KwaZulu-Natal,-29.579444,31.100833,
node/262717974,Town Bush Valley,suburb,Msunduzi Local Municipality,KwaZulu-Natal,-29.571111,30.340833,
node/262717975,Town Hill,suburb,Msunduzi Local Municipality,KwaZulu-Natal,-29.588889,30.357222,
node/262717977,Townview,suburb,KwaDukuza Local Municipality,KwaZulu-Natal,-29.333611,31.269167,
node/262722294,Trado Farms,suburb,Abaqulusi Local Municipality,KwaZulu-Natal,-28.001957,30.721592,
node/262717978,Trafalgar,suburb,Hibiscus Coast Local Municipality,KwaZulu-Natal,-30.958333,30.292778,
node/262717980,Treasure Beach,suburb,eThekwini Metropolitan Municipality,KwaZulu-Natal,-29.947222,30.995278,
node/4281558916,Trenance Manor,suburb,eThekwini Metropolitan Municipality,KwaZulu-Natal,-29.676659,31.009585,
node/262717986,Trust Feed,suburb,uMshwathi Local Municipality,KwaZulu-Natal,-29.398056,30.543056,
node/1348502448,Tuam,suburb,Newcastle Local Municipality,KwaZulu-Natal,-27.823716,30.032077,
node/262718038,Tugela,village,Mandeni Local Municipality,KwaZulu-Natal,-29.182500,31.416667,
node/95777668,Tugela Ferry,village,Msinga Local Municipality,KwaZulu-Natal,-28.748448,30.443531,
node/262718045,Tugela Mouth,suburb,Mandeni Local Municipality,KwaZulu-Natal,-29.218333,31.505278,
node/262718055,Tugela Vaal,suburb,Okhahlamba Local Municipality,KwaZulu-Natal,-28.637500,29.137500,
node/1348502421,Twhatgwha,suburb,Dannhauser Local Municipality,KwaZulu-Natal,-27.955804,30.152187,
node/1348502267,Uitkyk Noord,suburb,Dannhauser Local Municipality,KwaZulu-Natal,-27.856151,30.178588,
node/1348502417,Uitkyk Suid,suburb,Dannhauser Local Municipality,KwaZulu-Natal,-27.863753,30.168687,
node/262718091,Uitval,suburb,Alfred Duma Local Municipality,KwaZulu-Natal,-28.472222,30.259722,
node/1347289393,Uitvlugt,suburb,Alfred Duma Local Municipality,KwaZulu-Natal,-28.459340,30.121760,
node/262722327,Ulundi,town,Ulundi Local Municipality,KwaZulu-Natal,-28.291944,31.429444,
node/262718105,Umbango,suburb,Hibiscus Coast Local Municipality,KwaZulu-Natal,-30.733056,30.431389,
node/262718111,Umbilo,suburb,eThekwini Metropolitan Municipality,KwaZulu-Natal,-29.890556,30.977778,
node/262722329,Umbogintwini,town,eThekwini Metropolitan Municipality,KwaZulu-Natal,-30.022500,30.912500,
node/4360086572,Umbumbulu,village,eThekwini Metropolitan Municipality,KwaZulu-Natal,-29.987719,30.703546,
node/262718112,Umdloti / eMdloti,suburb,eThekwini Metropolitan Municipality,KwaZulu-Natal,-29.661389,31.122500,
node/63281372,Umdloti / eMdloti,village,eThekwini Metropolitan Municipality,KwaZulu-Natal,-29.671372,31.117051,
node/4713530416,Umgababa,suburb,eThekwini Metropolitan Municipality,KwaZulu-Natal,-30.135793,30.831793,
node/262718113,Umgai,suburb,Umzumbe Local Municipality,KwaZulu-Natal,-30.384167,30.491111,
node/262718114,Umgai,suburb,Umzumbe Local Municipality,KwaZulu-Natal,-30.399444,30.475556,
node/262718115,Umhlali,town,KwaDukuza Local Municipality,KwaZulu-Natal,-29.477311,31.218127,
node/262722330,Umhlanga Rocks,town,eThekwini Metropolitan Municipality,KwaZulu-Natal,-29.730000,31.082778,
node/262718116,Umhlatuzana,suburb,eThekwini Metropolitan Municipality,KwaZulu-Natal,-29.908333,30.918333,
node/262722331,Umkomaas,town,eThekwini Metropolitan Municipality,KwaZulu-Natal,-30.206389,30.796111,
node/262718117,Umkumbaan,suburb,eThekwini Metropolitan Municipality,KwaZulu-Natal,-29.867222,30.958611,
node/262722332,Umlazi,town,eThekwini Metropolitan Municipality,KwaZulu-Natal,-29.952500,30.900278,
node/7477355936,Umlazi,town,eThekwini Metropolitan Municipality,KwaZulu-Natal,-29.952492,30.900280,
node/262718119,Umpumulo,suburb,Maphumulo Local Municipality,KwaZulu-Natal,-29.141944,31.041111,
node/262713888,Umtentweni,suburb,Hibiscus Coast Local Municipality,KwaZulu-Natal,-30.723333,30.461111,
node/262718121,Umtentweni,village,Hibiscus Coast Local Municipality,KwaZulu-Natal,-30.713056,30.471667,
node/262718122,Umvoti Mouth,suburb,KwaDukuza Local Municipality,KwaZulu-Natal,-29.392500,31.332500,
node/262718142,Umzimkulu,town,Umzimkhulu Local Municipality,KwaZulu-Natal,-30.262500,29.939722,
node/262718143,Umzinto,suburb,uMdoni Local Municipality,KwaZulu-Natal,-30.313611,30.661944,
node/262718151,Underberg,town,Kwa Sani Local Municipality,KwaZulu-Natal,-29.791959,29.494148,
node/262718171,Utrecht,suburb,eMadlangeni Local Municipality,KwaZulu-Natal,-27.662500,30.325000,
node/262718172,Uvongo,suburb,Hibiscus Coast Local Municipality,KwaZulu-Natal,-30.844444,30.386667,
node/1347289462,Vaalkop,suburb,Alfred Duma Local Municipality,KwaZulu-Natal,-28.465067,30.193508,
node/4279905964,Valdin Heights,suburb,eThekwini Metropolitan Municipality,KwaZulu-Natal,-29.655275,31.053686,
node/262718184,Valley View,suburb,Endumeni Local Municipality,KwaZulu-Natal,-28.180000,30.147500,
node/262718201,Van Reenen,village,Alfred Duma Local Municipality,KwaZulu-Natal,-28.374325,29.380462,
node/4352378302,Van Riebeek Park,suburb,Alfred Duma Local Municipality,KwaZulu-Natal,-28.563824,29.760540,
node/2207841035,Velabandhla,suburb,uMfolozi Local Municipality,KwaZulu-Natal,-28.679913,32.201343,
node/2208086513,Veld En Vlei,suburb,uMhlathuze Local Municipality,KwaZulu-Natal,-28.735015,32.061903,
node/262718214,Veldenvlei,suburb,uMhlathuze Local Municipality,KwaZulu-Natal,-28.737175,32.061896,
node/1348502404,Verdriet,suburb,Dannhauser Local Municipality,KwaZulu-Natal,-27.987071,30.137413,
node/262722406,Verulam,town,eThekwini Metropolitan Municipality,KwaZulu-Natal,-29.643889,31.043056,
node/262718402,Village of Happiness,suburb,Hibiscus Coast Local Municipality,KwaZulu-Natal,-30.855833,30.365833,
node/262718427,Virginia,suburb,eThekwini Metropolitan Municipality,KwaZulu-Natal,-29.766927,31.051378,
node/1345576698,Vlam,suburb,Newcastle Local Municipality,KwaZulu-Natal,-27.762925,29.949633,
node/259452927,Vryheid,town,Abaqulusi Local Municipality,KwaZulu-Natal,-27.770491,30.788574,
node/262718540,Vulindlela Township,suburb,uMhlathuze Local Municipality,KwaZulu-Natal,-28.857778,31.836389,
node/262718542,Vusumuzi,suburb,uPhongolo Local Municipality,KwaZulu-Natal,-27.275556,31.288333,
node/262718544,Waayhoek,suburb,Alfred Duma Local Municipality,KwaZulu-Natal,-28.516667,30.084722,
node/262718552,Warner Beach,suburb,eThekwini Metropolitan Municipality,KwaZulu-Natal,-30.081944,30.865833,
node/262718553,Wartburg,village,uMshwathi Local Municipality,KwaZulu-Natal,-29.430833,30.575556,
node/262718554,Wasbank,suburb,Endumeni Local Municipality,KwaZulu-Natal,-28.312778,30.106667,
node/262718555,Washington Heights,suburb,eThekwini Metropolitan Municipality,KwaZulu-Natal,-29.877500,30.814167,
node/262718556,Waterfall,suburb,eThekwini Metropolitan Municipality,KwaZulu-Natal,-29.741944,30.826111,
node/4279883688,Waterloo,suburb,eThekwini Metropolitan Municipality,KwaZulu-Natal,-29.664323,31.059036,
node/262718595,Weenen,village,Umtshezi Local Municipality,KwaZulu-Natal,-28.850833,30.088333,
node/262718613,Wembesi,suburb,Umtshezi Local Municipality,KwaZulu-Natal,-29.056111,29.778611,
node/262718614,Wembley,neighbourhood,Msunduzi Local Municipality,KwaZulu-Natal,-29.591667,30.348333,
node/262718687,Wentworth,suburb,eThekwini Metropolitan Municipality,KwaZulu-Natal,-29.920556,31.000000,
node/262718709,Westbrook,suburb,eThekwini Metropolitan Municipality,KwaZulu-Natal,-29.591667,31.165278,
node/4279954140,Westcliff,suburb,eThekwini Metropolitan Municipality,KwaZulu-Natal,-29.912368,30.893791,
node/262718718,Westgate,suburb,Msunduzi Local Municipality,KwaZulu-Natal,-29.653889,30.372222,
node/4281737920,Westham,suburb,eThekwini Metropolitan Municipality,KwaZulu-Natal,-29.689850,30.984708,
node/262718724,Westmead,suburb,eThekwini Metropolitan Municipality,KwaZulu-Natal,-29.818611,30.836389,
node/262718729,Westridge,suburb,eThekwini Metropolitan Municipality,KwaZulu-Natal,-29.855833,30.987778,
node/262718730,Westridge,suburb,eThekwini Metropolitan Municipality,KwaZulu-Natal,-29.723333,31.081667,
node/262718733,Wewe,suburb,eThekwini Metropolitan Municipality,KwaZulu-Natal,-29.536944,31.129167,
node/262718736,Whetstone,suburb,eThekwini Metropolitan Municipality,KwaZulu-Natal,-29.708259,30.989534,
node/262718738,White City,suburb,Alfred Duma Local Municipality,KwaZulu-Natal,-28.562778,29.816667,
node/262718739,White City,suburb,Hibiscus Coast Local Municipality,KwaZulu-Natal,-30.721944,30.434722,
node/262718742,Widenham,suburb,eThekwini Metropolitan Municipality,KwaZulu-Natal,-30.218056,30.793333,
node/262718748,Wiggins,suburb,eThekwini Metropolitan Municipality,KwaZulu-Natal,-29.851667,30.964444,
node/2208086226,Wild En Weide,suburb,uMhlathuze Local Municipality,KwaZulu-Natal,-28.734033,32.048769,
node/262718802,Willowton,suburb,Msunduzi Local Municipality,KwaZulu-Natal,-29.591389,30.407500,
node/1348502195,Wilts,suburb,Dannhauser Local Municipality,KwaZulu-Natal,-27.958558,30.245589,
node/262718812,Winklespruit,suburb,eThekwini Metropolitan Municipality,KwaZulu-Natal,-30.095556,30.857500,
node/262718813,Winston Park,suburb,eThekwini Metropolitan Municipality,KwaZulu-Natal,-29.816709,30.788009,
node/1347289319,Wintershoek,suburb,Alfred Duma Local Municipality,KwaZulu-Natal,-28.567074,30.119193,
node/1037563514,Winterskloof,suburb,uMgeni Local Municipality,KwaZulu-Natal,-29.577627,30.294195,
node/262718815,Winterton,village,Okhahlamba Local Municipality,KwaZulu-Natal,-28.812500,29.540833,
node/1347289531,Wittekleifontein,suburb,Alfred Duma Local Municipality,KwaZulu-Natal,-28.595686,30.067157,
node/262718863,Wood Grange,suburb,Hibiscus Coast Local Municipality,KwaZulu-Natal,-30.588333,30.564722,
node/4515104404,Woodford,village,Okhahlamba Local Municipality,KwaZulu-Natal,-28.690650,29.296504,
node/262718865,Woodhaven,suburb,eThekwini Metropolitan Municipality,KwaZulu-Natal,-29.923889,30.945556,
node/262718866,Woodlands,suburb,Msunduzi Local Municipality,KwaZulu-Natal,-29.579722,30.390000,
node/262718867,Woodlands,suburb,eThekwini Metropolitan Municipality,KwaZulu-Natal,-29.926344,30.957075,
node/262718871,Woodside,suburb,eThekwini Metropolitan Municipality,KwaZulu-Natal,-29.821667,30.898889,
node/4281558925,Woodview,suburb,eThekwini Metropolitan Municipality,KwaZulu-Natal,-29.685622,31.026339,
node/262718872,World's View,suburb,uMgeni Local Municipality,KwaZulu-Natal,-29.576570,30.318417,
node/262718891,Xolo,suburb,Ulundi Local Municipality,KwaZulu-Natal,-28.158333,31.525000,
node/262718899,Yellowwood Park,suburb,eThekwini Metropolitan Municipality,KwaZulu-Natal,-29.920000,30.936944,
node/262718901,York,suburb,uMshwathi Local Municipality,KwaZulu-Natal,-29.343889,30.466111,
node/6991018245,Zamokuhle,suburb,eThekwini Metropolitan Municipality,KwaZulu-Natal,-29.773048,30.867323,
node/262718950,Zaohele,suburb,uPhongolo Local Municipality,KwaZulu-Natal,-27.270556,31.281667,
node/1347289268,Zenzele,suburb,Msinga Local Municipality,KwaZulu-Natal,-28.504519,30.353122,
node/262718957,Zibomvini,suburb,Msunduzi Local Municipality,KwaZulu-Natal,-29.651111,30.278056,
node/262722548,Zidonini,village,Hlabisa Local Municipality,KwaZulu-Natal,-28.134444,31.974722,
node/262718959,Zihlabeni,suburb,Ulundi Local Municipality,KwaZulu-Natal,-28.320833,31.450278,
node/646771507,Zimbali Estate,suburb,KwaDukuza Local Municipality,KwaZulu-Natal,-29.553547,31.198220,
node/262718970,Zinkwazi Beach,suburb,KwaDukuza Local Municipality,KwaZulu-Natal,-29.279787,31.439765,
node/1347289258,Zondagsrivierpoort,suburb,Alfred Duma Local Municipality,KwaZulu-Natal,-28.588997,30.115140,
node/262722563,Zondela,suburb,Ulundi Local Municipality,KwaZulu-Natal,-28.306667,31.444167,
node/1348502387,Zondo,suburb,Dannhauser Local Municipality,KwaZulu-Natal,-27.897810,30.221710,
node/262718989,Zulwini Gardens,suburb,eThekwini Metropolitan Municipality,KwaZulu-Natal,-30.029722,30.883056,
node/1347289550,eMahhukwini,suburb,Alfred Duma Local Municipality,KwaZulu-Natal,-28.344369,29.780966,eMahukwini;Doornhoek
node/13990437531,eMhlwaneni,village,Alfred Duma Local Municipality,KwaZulu-Natal,-28.341900,29.697652,Drifontein
node/262720063,eMondlo,town,Abaqulusi Local Municipality,KwaZulu-Natal,-27.987783,30.721352,
node/13990433453,eNkuthu,village,Alfred Duma Local Municipality,KwaZulu-Natal,-28.381605,29.621158,Kleinfontein
node/13990439874,eNkwenkwe,village,Mthonjaneni Local Municipality,KwaZulu-Natal,-28.695425,31.577560,
node/13990416228,eNtantane,village,Alfred Duma Local Municipality,KwaZulu-Natal,-28.326836,29.704207,Watershed
node/746175986,eNtumeni,village,uMlalazi Local Municipality,KwaZulu-Natal,-28.866972,31.327653,Ntumeni
node/262714243,eNyoni,village,Mandeni Local Municipality,KwaZulu-Natal,-29.079444,31.461667,Nyoni
node/262705990,eSibongile,suburb,Endumeni Local Municipality,KwaZulu-Natal,-28.184167,30.235000,
node/262705996,eSikhawini,suburb,uMhlathuze Local Municipality,KwaZulu-Natal,-28.877500,31.903056,
node/746176110,eSitheza,village,uMfolozi Local Municipality,KwaZulu-Natal,-28.520167,32.145757,Teza
node/1347289305,eTholeni,suburb,Alfred Duma Local Municipality,KwaZulu-Natal,-28.415252,30.226833,
node/262707151,iMbali,suburb,Msunduzi Local Municipality,KwaZulu-Natal,-29.658889,30.347222,
node/262707228,iSangogana,suburb,Ntambanana Local Municipality,KwaZulu-Natal,-28.492238,31.789775,
node/262714315,oNdini,suburb,Ulundi Local Municipality,KwaZulu-Natal,-28.325278,31.460278,
node/262722292,oThongathi,town,eThekwini Metropolitan Municipality,KwaZulu-Natal,-29.560833,31.122222,
node/51745922,uMnambithi,city,Alfred Duma Local Municipality,KwaZulu-Natal,-28.558018,29.781687,Ladysmith
node/262718144,uMzumbe,suburb,Umzumbe Local Municipality,KwaZulu-Natal,-30.408056,30.214444,
node/262718146,uMzumbe,suburb,Hibiscus Coast Local Municipality,KwaZulu-Natal,-30.619722,30.543611,
